Tm,Season,W,L,W-L%,assists,at_bats,at_bats_per_home_run,at_bats_per_strike_out,at_bats_risp,babip,balls,balls_in_play,balls_throwns,batters_faced,batting_average,blown_save,caught_stealing,complete_games,dirtballs,dirtballs_throwns,double_plays,doubles,doubles_allowed,earned_runs,earned_runs_allowed,era,extra_base_hits,fielders_choice,fielders_choice_allowed,fielding_errors,fielding_pct,fly_outs,fly_outs_allowed,fly_outs_into_double_plays,fly_outs_into_double_plays_allowed,foul_balls,foul_balls_throwns,gofo,ground_ball_to_fly_ball_ratio,ground_outs,ground_outs_allowed,ground_outs_into_double_plays,ground_outs_into_double_plays_allowed,hit_batters,hit_by_pitches,hits,hits_allowed,hits_risp,holds,home_runs,home_runs_allowed,innings_pitched,innings_pitched_total_outs,intentional_balls,intentional_balls_throwns,intentional_walks,intentional_walks_allowed,iso,line_outs,line_outs_allowed,line_outs_into_double_plays,line_outs_into_double_plays_allowed,lob_risp_2out,on_base_percentage,opponents_batting_average,ops,passed_balls,pitcher_runners_left_on_base,pitches_faced,pitches_thrown,pitching_errors,plate_appearances,pop_outs,pop_outs_allowed,putouts,quality_starts,rbi,reached_on_error,reached_on_error_allowed,runners_caught_stealing,runners_left_on_base,runs,runs_allowed,sacrifice_flies,sacrifice_flies_allowed,sacrifice_hits,sacrifice_hits_allowed,save_opportunities,saves,secondary_average,shutouts,singles,singles_allowed,slugging_pct,stolen_base_pct,stolen_bases,stolen_bases_allowed,strikeouts,strikeouts_allowed,strikeouts_looking,strikeouts_looking_allowed,strikeouts_per_9_innings,strikeouts_per_walk,strikeouts_swinging,strikeouts_swinging_allowed,strikes,strikes_looking,strikes_swinging,strikes_thrown,strikes_thrown_looking,strikes_thrown_swinging,team_left_on_base,team_shutouts,total_bases,total_bases_allowed,total_chances,triple_plays,triples,triples_allowed,unearned_runs,unearned_runs_allowed,walks,walks_allowed,walks_per_plate_appearance,walks_per_strike_out,whip,wild_pitches,wild_pitches_while_catching
Boston Red Sox,2018,108,54,0.667,1366.0,5623.0,27.034,4.488,1459.0,0.309,8539,4210.0,8297,6166.0,0.268,20,31,2,612,459,106.0,355,247,805,609,3.758,594.0,152,163,76.0,0.987,731,710,3,5,4358,4534,1.09,0.898,1591,1280,130,89,84,55,1509,1306,,108,208,176,,,0,0,38,8,0.185,409,403,8,6,579.0,0.339,0.237,0.792,25.0,2346.0,24653.0,24619.0,,6302.0,315,313,4376.0,67,829.0,56,,30,2386.0,876,647,48,46,7,9,66,46,0.303,0,915,848,0.453,0.801,125,61,1253,1558,279,405,9.612,3.09,974,1153,6664,4114,2550,7233,4270,2963,,0,2550,2151,,,31,35,71,38,531,504,0.09,0.454,1.246,51.0,51.0
New York Yankees,2018,100,62,0.617,1344.0,5515.0,20.655,3.881,1293.0,0.285,8879,3886.0,7981,6141.0,0.249,18,21,2,645,678,95.0,269,293,788,611,3.776,559.0,158,147,94.0,0.984,776,675,2,3,4253,4365,0.99,0.967,1444,1300,107,82,58,62,1374,1311,,77,267,177,,,0,0,21,9,0.202,350,365,13,5,542.0,0.329,0.237,0.78,25.0,2398.0,25145.0,24612.0,,6271.0,326,304,4369.0,67,821.0,42,,31,2389.0,851,669,59,29,10,17,67,49,0.323,2,815,828,0.451,0.75,63,86,1421,1634,319,302,10.098,3.37,1102,1332,7143,4189,2954,7575,4271,3304,,2,2490,2161,,,23,13,63,58,604,485,0.1,0.44,1.239,73.0,73.0
Tampa Bay Rays,2018,90,72,0.556,1483.0,5475.0,36.5,3.945,1419.0,0.317,8016,3987.0,7807,5992.0,0.258,22,51,0,554,584,136.0,274,262,653,603,3.747,467.0,151,131,85.0,0.986,650,750,6,4,4161,4110,1.15,0.993,1536,1385,122,122,53,101,1415,1236,,115,150,164,,,0,0,17,34,0.148,403,356,13,5,604.0,0.333,0.23,0.739,17.0,2138.0,23677.0,23342.0,,6195.0,283,289,4345.0,45,664.0,35,,27,2409.0,716,646,50,39,28,16,74,52,0.261,0,948,790,0.406,0.715,128,75,1388,1421,322,273,8.829,3.04,1066,1148,6679,3779,2900,6771,3782,2989,,0,2225,2030,,,43,20,63,43,523,467,0.087,0.389,1.199,55.0,55.0
Toronto Blue Jays,2018,73,89,0.451,1447.0,5477.0,25.24,3.949,1244.0,0.286,7878,3910.0,8364,6265.0,0.244,20,30,0,574,680,138.0,320,325,665,773,4.853,553.0,117,156,102.0,0.983,740,779,3,7,4016,4180,1.0,0.929,1456,1383,118,117,67,58,1336,1475,,83,217,208,,,0,0,15,19,0.183,377,369,14,7,518.0,0.312,0.264,0.739,8.0,2393.0,23481.0,24498.0,,6076.0,341,340,4301.0,58,680.0,49,,39,2240.0,709,832,37,48,5,18,59,39,0.277,0,783,910,0.427,0.61,47,134,1387,1298,291,309,8.145,2.44,1096,989,6823,3884,2939,6858,4080,2778,,0,2339,2488,,,16,32,44,59,484,532,0.082,0.36,1.413,71.0,71.0
Baltimore Orioles,2018,47,115,0.29,1537.0,5507.0,29.293,3.9,1118.0,0.286,7723,3942.0,8492,6340.0,0.239,18,22,2,565,616,159.0,242,325,588,825,5.189,445.0,121,153,104.0,0.982,708,726,1,4,4173,4383,1.14,0.959,1573,1434,132,131,67,57,1317,1552,,54,188,234,,,0,0,19,29,0.152,363,428,8,13,496.0,0.298,0.276,0.689,9.0,2480.0,23476.0,24647.0,,6034.0,314,341,4293.0,64,593.0,38,,41,2170.0,622,892,35,42,13,17,46,28,0.239,0,872,959,0.391,0.786,81,82,1412,1203,285,238,7.569,2.15,1127,965,6815,3737,3078,6607,3960,2647,,0,2153,2647,,,15,34,34,67,403,560,0.07,0.299,1.496,81.0,81.0
Cleveland Indians,2018,91,71,0.562,1353.0,5595.0,25.903,4.706,1396.0,0.291,8545,4234.0,7543,6071.0,0.259,17,36,5,612,466,123.0,298,311,768,611,3.773,533.0,127,131,83.0,0.986,781,732,1,2,4412,4089,0.95,0.971,1521,1335,98,97,59,80,1448,1349,,76,216,200,,,0,0,32,29,0.176,479,358,17,13,583.0,0.332,0.242,0.767,9.0,2212.0,24591.0,23458.0,,6300.0,344,285,4372.0,98,787.0,49,,28,2386.0,818,648,44,21,25,16,58,41,0.293,2,915,815,0.435,0.789,135,81,1189,1544,255,406,9.531,4.09,934,1138,6465,4057,2408,7240,4159,3081,,2,2432,2306,,,19,23,50,37,522,378,0.088,0.466,1.205,54.0,54.0
Minnesota Twins,2018,78,84,0.48100000000000004,1454.0,5526.0,33.289,4.161,1257.0,0.298,8351,4070.0,8665,6287.0,0.25,28,27,2,593,593,127.0,318,280,682,722,4.502,506.0,113,133,97.0,0.984,809,752,2,1,4302,4503,0.91,0.94,1409,1372,89,112,80,37,1380,1425,,83,166,198,,,0,0,25,34,0.155,402,392,5,8,529.0,0.318,0.256,0.723,12.0,2476.0,24509.0,24927.0,,6154.0,344,316,4330.0,61,704.0,32,,28,2265.0,738,775,38,49,19,25,65,37,0.256,1,874,921,0.405,0.635,47,83,1328,1377,321,289,8.586,2.56,1007,1088,6971,4418,2553,6829,3906,2923,,1,2240,2351,,,22,26,56,53,509,539,0.087,0.402,1.384,59.0,59.0
Detroit Tigers,2018,64,98,0.395,1428.0,5494.0,40.696,4.097,1268.0,0.294,7566,4058.0,8332,6130.0,0.242,24,30,0,496,450,126.0,284,278,584,728,4.597,454.0,141,131,95.0,0.984,713,825,2,4,4460,4198,0.98,0.84,1481,1342,110,102,60,52,1327,1423,,76,135,216,,,0,0,18,20,0.138,454,415,14,11,555.0,0.3,0.258,0.68,8.0,2211.0,23350.0,23955.0,,6029.0,343,358,4276.0,57,597.0,58,,36,2285.0,630,796,40,57,15,16,61,37,0.223,0,873,895,0.38,0.7,70,74,1341,1215,264,291,7.668,2.58,1077,924,6568,3653,2915,6551,4001,2550,,0,2086,2417,,,35,34,46,68,410,471,0.071,0.319,1.343,54.0,54.0
Chicago White Sox,2018,62,100,0.38299999999999995,1431.0,5523.0,30.346,3.465,1243.0,0.304,7605,3779.0,8780,6339.0,0.241,19,41,0,500,706,135.0,259,293,613,775,4.854,481.0,137,131,113.0,0.981,635,782,3,4,4346,4342,1.17,0.873,1482,1367,99,102,89,66,1332,1405,,67,182,196,,,0,0,18,25,0.16,361,413,5,20,557.0,0.302,0.254,0.703,20.0,2515.0,23716.0,24926.0,,6071.0,274,370,4311.0,74,639.0,48,,39,2180.0,656,848,32,47,24,18,53,34,0.248,0,851,892,0.401,0.705,98,127,1594,1259,363,296,7.884,2.01,1231,963,7213,3940,3273,6671,4040,2631,,0,2217,2334,,,40,24,43,73,407,628,0.07,0.267,1.432,94.0,94.0
Kansas City Royals,2018,58,104,0.358,1529.0,5505.0,35.516,4.202,1221.0,0.293,7661,4080.0,8277,6284.0,0.245,24,38,2,553,549,142.0,283,271,580,788,4.953,467.0,125,144,76.0,0.987,804,767,4,4,4242,4298,1.01,0.954,1525,1456,123,121,51,67,1350,1543,,52,155,205,,,0,0,13,28,0.147,395,452,11,8,527.0,0.305,0.275,0.697,10.0,2335.0,23328.0,24084.0,,6063.0,308,308,4296.0,63,606.0,47,,32,2228.0,638,833,40,57,24,23,57,33,0.238,0,883,1031,0.392,0.755,117,60,1310,1157,300,270,7.272,2.22,1010,887,6546,3700,2846,6382,3971,2411,,0,2156,2501,,,29,36,58,45,414,521,0.07,0.326,1.461,68.0,68.0
Houston Astros,2018,103,59,0.636,1369.0,5453.0,26.6,4.556,1273.0,0.289,8176,4096.0,7671,5913.0,0.255,21,26,3,640,493,116.0,278,257,738,503,3.111,501.0,147,117,63.0,0.989,778,639,5,1,3910,4175,0.99,1.03,1536,1299,156,97,66,61,1389,1164,,104,205,152,,,0,0,19,4,0.17,412,365,12,13,499.0,0.329,0.217,0.754,15.0,2053.0,23643.0,23538.0,,6146.0,358,257,4365.0,98,763.0,47,,25,2242.0,797,534,45,34,14,12,67,46,0.282,2,888,734,0.425,0.732,71,60,1197,1687,325,392,10.431,3.91,872,1295,6533,4243,2290,7408,4178,3230,,2,2318,1919,,,18,21,59,31,546,431,0.092,0.472,1.099,67.0,67.0
Oakland Athletics,2018,97,65,0.599,1594.0,5579.0,24.577,4.04,1291.0,0.294,8580,4015.0,7740,6099.0,0.252,18,21,2,624,620,125.0,322,268,758,622,3.819,569.0,135,134,89.0,0.985,799,741,4,0,4427,4142,0.92,1.009,1425,1522,136,112,53,76,1407,1303,,85,227,184,,,0,0,18,19,0.187,414,441,7,8,527.0,0.325,0.236,0.764,17.0,2192.0,24928.0,23272.0,,6255.0,339,326,4397.0,62,778.0,39,,46,2332.0,813,674,44,30,6,23,62,44,0.288,2,838,832,0.439,0.625,35,94,1381,1237,313,255,7.596,2.72,1068,982,6973,4175,2798,6383,3794,2589,,2,2450,2161,,,20,19,55,52,532,455,0.088,0.398,1.212,86.0,86.0
Seattle Mariners,2018,89,73,0.5489999999999999,1486.0,5513.0,31.324,4.515,1316.0,0.295,7668,4157.0,7340,6073.0,0.254,21,37,3,571,505,152.0,256,289,632,664,4.125,464.0,146,146,88.0,0.985,741,779,1,1,4010,4416,1.17,0.948,1663,1400,128,130,72,70,1402,1396,,109,176,195,,,0,0,17,21,0.154,415,401,8,13,543.0,0.314,0.252,0.722,13.0,2219.0,23088.0,23083.0,,6087.0,269,297,4346.0,67,644.0,34,,26,2287.0,677,711,41,42,29,12,81,60,0.239,1,938,889,0.408,0.681,79,66,1221,1328,260,301,8.253,3.5,961,1027,6403,3948,2455,6477,3835,2642,,1,2250,2316,,,32,23,45,47,413,379,0.071,0.352,1.24,57.0,57.0
Los Angeles Angels,2018,80,82,0.494,1502.0,5472.0,25.57,4.209,1227.0,0.277,8232,3997.0,8177,6108.0,0.242,26,22,1,463,730,173.0,249,256,675,663,4.151,486.0,150,126,76.0,0.987,748,684,3,6,4002,3995,0.99,0.937,1495,1333,111,147,65,73,1323,1353,,90,214,205,,,0,0,38,17,0.171,423,424,13,12,511.0,0.313,0.248,0.726,18.0,2280.0,23749.0,24029.0,,6108.0,342,314,4312.0,53,690.0,43,,33,2238.0,721,722,39,35,7,14,61,35,0.277,1,837,873,0.413,0.802,89,46,1300,1386,332,298,8.676,2.62,968,1088,6758,4199,2559,6951,4115,2836,,1,2260,2262,,,23,19,46,59,476,529,0.084,0.395,1.321,87.0,87.0
Texas Rangers,2018,67,95,0.414,1558.0,5453.0,28.108,3.675,1306.0,0.292,8291,3809.0,8158,6231.0,0.24,14,35,1,633,556,168.0,266,325,677,783,4.925,484.0,141,153,120.0,0.98,704,760,2,1,4265,4093,1.08,1.001,1473,1517,104,148,72,88,1308,1516,,90,194,222,,,0,0,16,23,0.164,375,433,10,13,572.0,0.318,0.271,0.722,13.0,2361.0,24520.0,23762.0,,6163.0,280,322,4293.0,50,696.0,46,,18,2325.0,737,848,34,50,33,20,56,42,0.273,0,824,925,0.404,0.679,74,73,1484,1121,351,302,7.047,2.4,1133,819,7207,4280,2927,6336,4000,2336,,0,2204,2595,,,24,44,60,65,539,468,0.09,0.374,1.403,57.0,57.0
Atlanta Braves,2018,90,72,0.556,1439.0,5582.0,31.897,4.327,1329.0,0.302,7859,4160.0,8452,6155.0,0.257,20,36,2,488,535,134.0,314,248,701,607,3.75,518.0,131,135,80.0,0.986,758,701,2,1,4660,4071,1.06,1.0,1572,1404,99,114,52,66,1433,1236,,98,175,153,,,0,0,53,43,0.16,437,430,10,14,590.0,0.324,0.229,0.741,13.0,2365.0,23760.0,24177.0,,6251.0,283,273,4370.0,70,717.0,49,,28,2320.0,759,657,43,35,49,39,60,40,0.262,1,915,809,0.417,0.714,90,95,1290,1423,303,322,8.793,2.4,987,1101,6303,3525,2778,7022,4136,2886,,1,2330,1995,,,29,26,58,50,458,592,0.082,0.396,1.284,61.0,61.0
Washington Nationals,2018,82,80,0.506,1363.0,5517.0,28.885,4.28,1379.0,0.297,8489,4077.0,7945,6086.0,0.254,14,33,2,526,470,115.0,284,273,717,649,4.039,500.0,160,115,64.0,0.989,696,734,2,2,4393,4355,1.13,0.902,1595,1322,104,99,76,59,1402,1320,,82,191,198,,,0,0,56,37,0.165,419,376,13,8,596.0,0.335,0.242,0.754,10.0,2260.0,24645.0,23698.0,,6288.0,301,356,4338.0,74,737.0,38,,43,2421.0,771,682,40,41,41,29,54,40,0.294,1,902,823,0.419,0.783,119,72,1289,1417,319,349,8.82,3.15,970,1068,6869,4198,2671,6745,3892,2853,,1,2309,2239,,,25,26,54,33,575,450,0.1,0.49,1.25,42.0,42.0
Philadelphia Phillies,2018,80,82,0.494,1478.0,5424.0,29.161,3.568,1204.0,0.289,8361,3750.0,7815,6138.0,0.234,20,26,0,536,454,138.0,241,292,637,666,4.146,457.0,133,118,123.0,0.979,697,645,3,2,4286,4196,1.05,1.107,1436,1441,102,120,60,64,1271,1366,,104,186,171,,,0,0,33,35,0.159,327,360,6,9,541.0,0.314,0.249,0.707,18.0,2243.0,24615.0,23750.0,,6136.0,339,297,4337.0,71,653.0,39,,35,2295.0,677,728,32,45,32,39,64,44,0.274,0,814,871,0.393,0.726,69,95,1520,1465,340,346,9.117,3.15,1180,1119,7398,4308,3090,7112,4140,2972,,0,2130,2235,,,30,32,40,62,549,465,0.095,0.383,1.291,81.0,81.0
New York Mets,2018,77,85,0.475,1406.0,5468.0,32.165,3.895,1191.0,0.283,8139,3936.0,8023,6178.0,0.234,18,39,3,523,355,121.0,265,241,631,661,4.073,469.0,136,130,88.0,0.985,773,763,2,1,4311,4442,1.0,0.953,1481,1373,116,103,71,73,1282,1364,,65,170,185,,,0,0,36,32,0.155,353,355,6,9,529.0,0.312,0.246,0.701,9.0,2232.0,24152.0,24013.0,,6177.0,361,322,4382.0,80,649.0,47,,36,2298.0,676,707,42,40,28,42,59,41,0.264,1,813,914,0.389,0.645,71,129,1404,1446,321,369,8.91,3.2,1083,1077,6972,4118,2854,6945,4091,2854,,1,2125,2208,,,34,24,45,46,530,452,0.092,0.403,1.265,26.0,26.0
Miami Marlins,2018,63,98,0.391,1448.0,5488.0,42.875,3.965,1223.0,0.293,7732,4007.0,8657,6236.0,0.237,23,31,1,496,462,133.0,222,309,525,763,4.762,374.0,166,148,83.0,0.986,609,801,5,4,4148,4477,1.28,0.912,1673,1393,119,114,71,73,1303,1388,,80,128,192,,,0,0,26,73,0.12,419,385,11,10,546.0,0.303,0.254,0.66,10.0,2295.0,23549.0,24630.0,,6083.0,283,342,4326.0,58,554.0,62,,42,2344.0,589,809,31,48,32,38,53,30,0.205,0,929,864,0.357,0.592,45,59,1384,1249,317,307,7.794,2.35,1067,942,6929,4226,2703,6652,3980,2672,,0,1957,2319,,,24,23,64,46,429,532,0.075,0.329,1.382,47.0,47.0
Milwaukee Brewers,2018,96,67,0.589,1453.0,5542.0,25.422,3.801,1270.0,0.302,8103,3907.0,8368,6114.0,0.252,25,32,0,538,494,141.0,252,239,694,606,3.733,494.0,161,132,108.0,0.982,650,651,3,3,4302,4290,1.26,1.001,1608,1406,128,115,61,58,1398,1259,,93,218,173,,,0,0,32,34,0.172,360,432,10,15,563.0,0.323,0.233,0.747,10.0,2207.0,24233.0,24315.0,,6210.0,266,322,4383.0,51,711.0,57,,39,2323.0,754,659,41,41,29,42,74,49,0.286,0,904,807,0.424,0.795,124,67,1458,1428,311,332,8.793,2.75,1147,1096,7075,4176,2899,7030,4110,2920,,0,2352,2097,,,24,40,60,53,505,519,0.086,0.368,1.24,50.0,50.0
Chicago Cubs,2018,95,68,0.583,1675.0,5624.0,33.677,4.052,1394.0,0.313,8109,4115.0,8578,6264.0,0.258,19,38,1,540,628,155.0,286,221,695,598,3.646,487.0,174,176,104.0,0.983,632,702,3,1,4222,4265,1.23,1.092,1640,1525,107,137,66,78,1453,1319,,103,167,157,,,0,0,67,33,0.152,412,440,14,9,611.0,0.333,0.24,0.743,12.0,2402.0,24240.0,24692.0,,6369.0,292,255,4429.0,67,722.0,47,,40,2500.0,761,645,46,35,40,39,65,46,0.259,0,966,913,0.41,0.635,66,79,1388,1333,347,337,8.127,2.26,1041,996,6964,3976,2988,6912,4280,2632,,0,2308,2067,,,34,28,66,47,509,589,0.09,0.415,1.315,46.0,46.0
St. Louis Cardinals,2018,88,74,0.5429999999999999,1540.0,5498.0,26.82,3.984,1301.0,0.294,8205,3961.0,8232,6271.0,0.249,21,32,1,585,522,151.0,248,242,694,623,3.853,462.0,150,161,133.0,0.978,741,696,4,4,4125,4385,1.07,1.083,1515,1519,92,129,67,80,1369,1354,,89,205,144,,,0,0,40,49,0.16,417,413,7,14,543.0,0.321,0.246,0.73,7.0,2437.0,24262.0,24353.0,,6200.0,262,293,4366.0,68,725.0,35,,13,2326.0,759,691,48,50,46,55,64,43,0.261,1,907,942,0.409,0.663,63,45,1380,1337,341,305,8.271,2.46,1039,1032,7052,4322,2730,6874,4083,2791,,1,2250,2080,,,9,26,65,68,485,544,0.085,0.38,1.338,63.0,63.0
Pittsburgh Pirates,2018,82,79,0.509,1478.0,5447.0,34.694,4.432,1276.0,0.298,7838,4113.0,7887,6144.0,0.254,20,38,3,482,544,129.0,290,287,637,638,4.004,485.0,145,141,105.0,0.982,724,741,3,6,4355,4264,1.08,0.993,1582,1426,121,99,69,59,1381,1380,,81,157,174,,,0,0,38,43,0.153,431,422,16,11,557.0,0.317,0.251,0.724,8.0,2449.0,23552.0,23580.0,,6066.0,304,273,4302.0,80,665.0,36,,35,2210.0,692,693,52,35,31,37,60,40,0.247,2,896,893,0.407,0.648,70,68,1229,1336,276,305,8.388,2.94,953,1031,6515,3850,2665,6574,3867,2707,,2,2218,2241,,,38,26,55,55,436,454,0.078,0.386,1.309,95.0,95.0
Cincinnati Reds,2018,67,95,0.414,1608.0,5532.0,32.163,4.02,1341.0,0.307,8036,4019.0,7984,6279.0,0.254,19,33,1,547,570,144.0,251,291,662,745,4.653,448.0,143,176,95.0,0.984,757,696,3,2,4346,4341,1.01,1.092,1489,1538,128,120,50,65,1404,1491,,74,172,228,,,0,0,35,60,0.147,452,424,10,18,592.0,0.328,0.266,0.729,6.0,2407.0,23713.0,23967.0,,6240.0,266,289,4323.0,46,665.0,30,,24,2482.0,696,819,35,48,49,43,57,38,0.257,0,956,945,0.401,0.7,77,79,1376,1258,354,284,7.857,2.67,1022,974,6479,3839,2640,6583,3877,2706,,0,2221,2520,,,25,27,34,74,524,472,0.09,0.406,1.404,48.0,48.0
Los Angeles Dodgers,2018,92,71,0.564,1435.0,5572.0,23.711,3.88,1338.0,0.294,9009,3940.0,7406,6096.0,0.25,26,24,0,586,501,111.0,296,242,751,557,3.396,564.0,142,149,100.0,0.983,761,649,8,5,4201,4440,0.98,1.094,1457,1445,119,92,61,61,1394,1279,,90,235,179,,,0,0,47,39,0.192,406,361,14,9,595.0,0.333,0.23,0.775,10.0,2222.0,25643.0,23616.0,,6358.0,315,311,4428.0,79,756.0,48,,25,2413.0,804,610,39,23,39,25,74,48,0.317,0,830,833,0.442,0.758,75,68,1436,1565,386,370,9.54,4.09,1050,1195,7572,4759,2813,7160,4048,3112,,0,2461,2108,,,33,25,53,53,600,383,0.102,0.451,1.152,39.0,39.0
Colorado Rockies,2018,91,72,0.5579999999999999,1624.0,5541.0,26.386,3.966,1302.0,0.304,7790,3971.0,8038,6154.0,0.256,27,33,0,541,608,162.0,280,268,723,699,4.332,532.0,144,144,73.0,0.988,651,633,7,7,4323,4030,1.28,1.161,1637,1497,114,139,52,51,1418,1378,,105,210,184,,,0,0,38,24,0.179,394,388,14,11,540.0,0.322,0.25,0.757,11.0,2210.0,23413.0,23847.0,,6178.0,237,268,4357.0,84,748.0,51,,25,2255.0,780,745,37,47,42,25,78,51,0.282,0,886,878,0.435,0.742,95,88,1397,1409,302,313,8.73,2.81,1095,1096,6485,3563,2922,6951,4124,2827,,0,2412,2294,,,42,48,57,46,469,501,0.082,0.363,1.31,70.0,70.0
Arizona Diamondbacks,2018,82,80,0.506,1686.0,5460.0,31.023,3.74,1211.0,0.286,8040,3869.0,7854,6139.0,0.235,27,25,2,542,827,152.0,259,259,643,606,3.728,485.0,148,157,75.0,0.988,693,650,3,4,4113,4036,1.13,1.27,1545,1565,110,136,57,52,1283,1313,,111,176,174,,,0,0,36,43,0.162,402,357,8,9,527.0,0.31,0.239,0.707,6.0,2307.0,23968.0,24081.0,,6157.0,270,225,4389.0,78,658.0,50,,27,2267.0,693,644,45,34,38,29,66,39,0.275,1,798,861,0.397,0.76,79,65,1460,1448,378,317,8.91,3.02,1082,1131,7136,4326,2810,7195,4248,2947,,1,2170,2132,,,50,19,50,38,524,479,0.091,0.384,1.254,69.0,69.0
San Francisco Giants,2018,73,89,0.451,1605.0,5541.0,41.662,3.777,1233.0,0.299,7820,3983.0,8128,6191.0,0.239,30,34,1,544,463,160.0,255,291,575,642,3.954,418.0,131,143,97.0,0.984,679,692,0,1,4317,4104,1.17,1.055,1586,1523,113,139,45,49,1324,1387,,82,133,156,,,0,0,40,37,0.129,398,448,9,14,554.0,0.3,0.251,0.668,9.0,2271.0,23812.0,23807.0,,6112.0,275,303,4384.0,74,573.0,46,,31,2261.0,603,699,42,48,33,49,66,36,0.217,1,906,898,0.368,0.694,77,90,1467,1269,307,310,7.812,2.61,1160,959,6933,3938,2995,6714,4135,2579,,1,2038,2230,,,30,42,28,57,408,487,0.073,0.305,1.308,44.0,44.0
San Diego Padres,2018,66,96,0.40700000000000003,1539.0,5486.0,33.864,3.602,1172.0,0.294,7871,3837.0,8120,6254.0,0.235,17,36,0,465,456,127.0,250,283,565,714,4.41,442.0,170,174,100.0,0.983,609,692,1,1,4204,4124,1.27,1.075,1603,1470,122,116,68,31,1289,1430,,83,162,185,,,0,0,28,28,0.145,349,404,14,5,506.0,0.297,0.256,0.677,12.0,2339.0,23771.0,23904.0,,6059.0,306,271,4371.0,47,583.0,38,,30,2182.0,617,767,36,39,35,36,53,36,0.242,0,847,930,0.38,0.725,95,84,1523,1399,352,341,8.64,2.85,1171,1058,7166,4118,3048,6868,4185,2683,,0,2085,2332,,,30,32,52,53,443,491,0.078,0.309,1.338,52.0,52.0
Boston Red Sox,2017,93,69,0.574,1390.0,5669.0,33.744,4.632,1383.0,0.3,8544,4313.0,8323,6217.0,0.258,18,31,5,627,432,127.0,302,278,708,615,3.734,489.0,169,152,107.0,0.982,683,749,10,3,4122,4750,1.15,0.89,1697,1291,141,116,49,53,1461,1384,,83,168,195,,,1,0,48,18,0.149,439,382,8,4,535.0,0.329,0.245,0.736,19.0,2349.0,25018.0,25130.0,0.0,6338.0,353,319,4447.0,88,735.0,54,,38,2418.0,785,668,36,40,9,16,57,39,0.263,1,972,888,0.407,0.774,106,58,1224,1580,280,421,9.594,3.54,944,1159,7181,4760,2421,7454,4366,3088,,1,2305,2293,,,19,23,77,53,523,447,0.09,0.467,1.247,43.0,43.0
New York Yankees,2017,91,71,0.562,1468.0,5594.0,23.212,4.036,1405.0,0.304,8904,4023.0,7959,6078.0,0.262,23,22,2,645,589,102.0,266,243,763,603,3.746,530.0,152,161,95.0,0.984,702,636,4,3,4235,4114,1.07,1.087,1522,1411,119,85,53,64,1463,1248,,71,241,192,,,0,0,22,18,0.185,388,387,18,10,598.0,0.339,0.228,0.786,21.0,2246.0,25305.0,23925.0,0.0,6354.0,328,275,4346.0,75,821.0,74,,26,2487.0,858,660,56,31,18,18,59,36,0.307,1,933,801,0.447,0.804,90,63,1386,1560,311,310,9.693,3.21,1075,1250,7169,4205,2964,7249,4043,3206,,1,2498,2091,,,23,12,95,57,594,486,0.097,0.444,1.209,83.0,83.0
Tampa Bay Rays,2017,80,82,0.494,1433.0,5478.0,24.026,3.562,1174.0,0.296,8097,3760.0,8114,6099.0,0.245,22,34,0,535,577,129.0,226,270,651,640,3.986,486.0,169,116,100.0,0.983,668,729,3,7,4405,4150,1.07,0.946,1435,1395,115,112,48,55,1340,1324,,98,228,193,,,0,1,33,37,0.177,362,406,10,5,545.0,0.317,0.242,0.739,15.0,2256.0,23897.0,24000.0,0.0,6147.0,314,340,4335.0,73,671.0,36,,22,2311.0,694,704,48,38,16,26,75,53,0.287,0,854,844,0.422,0.721,88,82,1538,1352,348,265,8.424,2.9,1190,1087,6796,3478,3318,6915,4012,2903,,0,2314,2207,,,32,17,43,64,512,466,0.089,0.354,1.264,83.0,83.0
Toronto Blue Jays,2017,76,86,0.469,1570.0,5499.0,24.77,4.144,1186.0,0.276,8367,3985.0,8363,6316.0,0.24,26,24,2,595,571,146.0,269,310,641,720,4.423,496.0,138,145,92.0,0.985,718,665,3,0,4183,4298,1.14,1.1,1631,1512,153,129,48,51,1320,1460,,81,222,203,,,0,0,12,25,0.172,383,376,11,12,509.0,0.312,0.258,0.724,8.0,2418.0,24295.0,24441.0,0.0,6154.0,335,333,4395.0,69,661.0,43,,26,2291.0,693,784,35,38,25,14,71,45,0.276,0,824,921,0.412,0.688,53,113,1327,1372,320,294,8.433,2.62,1007,1078,6865,4267,2598,6816,4002,2814,,0,2265,2431,,,5,26,52,64,530,524,0.088,0.408,1.371,53.0,53.0
Baltimore Orioles,2017,75,87,0.46299999999999997,1609.0,5650.0,24.353,4.001,1169.0,0.306,7734,4043.0,8828,6293.0,0.26,17,13,1,578,677,175.0,269,293,689,796,4.972,513.0,153,190,94.0,0.984,665,663,3,3,4174,4432,1.11,1.074,1555,1512,138,150,60,50,1469,1505,,59,232,242,,,0,0,12,21,0.175,400,420,6,14,479.0,0.312,0.269,0.747,8.0,2399.0,23675.0,25129.0,0.0,6140.0,334,325,4322.0,64,713.0,51,,34,2216.0,743,841,37,48,10,17,52,35,0.248,1,956,953,0.435,0.711,32,74,1412,1233,322,272,7.704,2.21,1090,961,6853,3855,2998,6711,4072,2639,,1,2458,2558,,,12,17,54,45,380,558,0.064,0.278,1.446,53.0,53.0
Cleveland Indians,2017,102,60,0.63,1447.0,5511.0,25.995,4.78,1429.0,0.295,8791,4191.0,7515,5866.0,0.263,10,23,7,615,451,167.0,333,262,775,529,3.305,574.0,143,127,76.0,0.987,740,548,3,2,4352,4072,1.08,1.093,1610,1323,125,142,45,50,1449,1267,,90,212,163,,,0,0,30,15,0.186,436,396,3,14,620.0,0.339,0.236,0.788,9.0,2068.0,24759.0,23022.0,0.0,6234.0,316,266,4322.0,84,780.0,46,,37,2433.0,818,564,45,20,23,16,47,37,0.308,3,875,830,0.449,0.793,88,47,1153,1614,283,387,10.08,4.13,870,1227,6524,4135,2389,7138,4033,3105,,3,2476,2042,,,29,12,43,35,574,391,0.097,0.524,1.161,48.0,48.0
Minnesota Twins,2017,85,77,0.525,1477.0,5557.0,26.976,4.141,1419.0,0.306,8646,4048.0,7919,6205.0,0.26,19,28,6,590,499,143.0,286,282,759,734,4.6,523.0,128,132,78.0,0.987,736,803,2,4,4243,4246,1.01,0.935,1481,1450,105,126,69,46,1443,1487,,83,206,224,,,0,0,26,37,0.174,393,445,7,7,590.0,0.334,0.266,0.768,16.0,2379.0,24888.0,23490.0,0.0,6261.0,332,303,4308.0,62,781.0,42,,28,2419.0,815,788,39,42,26,23,61,42,0.293,3,920,955,0.434,0.772,95,72,1342,1166,328,277,7.308,2.61,1014,889,7083,4404,2679,6270,3888,2382,,3,2409,2493,,,31,26,56,54,567,446,0.095,0.442,1.372,52.0,52.0
Kansas City Royals,2017,80,82,0.494,1524.0,5536.0,28.684,4.748,1185.0,0.295,7444,4214.0,8064,6218.0,0.259,21,31,1,482,535,145.0,260,274,656,740,4.633,477.0,159,142,79.0,0.987,756,802,1,3,4535,4202,1.02,0.963,1591,1448,160,128,52,45,1436,1480,,94,193,196,,,0,0,19,24,0.161,452,375,9,8,478.0,0.311,0.265,0.731,11.0,2303.0,22862.0,23975.0,0.0,6027.0,349,326,4313.0,64,660.0,46,,30,2228.0,702,791,37,46,17,21,60,39,0.242,1,959,970,0.42,0.746,91,84,1166,1216,225,251,7.614,2.46,941,965,5930,3278,2652,6691,4024,2667,,1,2323,2422,,,24,40,46,51,371,495,0.065,0.334,1.39,48.0,48.0
Chicago White Sox,2017,67,95,0.414,1541.0,5513.0,29.64,3.946,1287.0,0.309,7543,3963.0,8821,6200.0,0.256,15,31,0,499,589,157.0,256,275,645,755,4.78,479.0,139,133,114.0,0.981,615,768,1,4,4249,4302,1.25,0.966,1606,1435,124,137,68,76,1412,1384,,56,186,242,,,0,0,17,36,0.161,401,415,11,11,537.0,0.314,0.254,0.731,11.0,2345.0,23244.0,24573.0,0.0,6059.0,274,303,4265.0,63,670.0,59,,26,2246.0,706,820,33,39,35,14,40,25,0.241,0,933,835,0.417,0.696,71,115,1397,1193,280,316,7.551,2.0,1117,877,6692,3711,2981,6487,4122,2365,,0,2300,2449,,,37,32,61,65,384,596,0.066,0.287,1.418,67.0,67.0
Detroit Tigers,2017,64,98,0.395,1389.0,5556.0,29.711,4.232,1329.0,0.306,8059,4083.0,8396,6298.0,0.258,23,34,2,552,544,146.0,289,290,682,846,5.361,511.0,140,150,85.0,0.985,724,798,1,1,4415,4503,1.05,0.799,1526,1293,128,129,61,52,1435,1586,,75,187,218,,,0,0,21,42,0.166,467,451,13,8,545.0,0.324,0.282,0.748,14.0,2413.0,24123.0,24439.0,0.0,6150.0,259,370,4261.0,72,699.0,52,,37,2326.0,735,894,27,62,11,15,55,32,0.262,1,924,1043,0.424,0.657,65,81,1313,1202,274,301,7.614,2.42,1039,901,6763,4035,2728,6438,3928,2510,,1,2355,2600,,,35,35,53,48,482,496,0.082,0.383,1.495,53.0,53.0
Houston Astros,2017,101,61,0.623,1526.0,5611.0,23.576,5.162,1447.0,0.309,8152,4347.0,8044,6111.0,0.282,21,42,1,634,609,153.0,346,293,820,662,4.12,604.0,138,138,99.0,0.983,766,572,6,2,3978,4131,1.07,1.235,1633,1440,139,133,70,70,1581,1314,,92,238,192,,,0,0,27,17,0.196,412,344,15,14,540.0,0.346,0.24,0.824,16.0,2322.0,23749.0,24124.0,0.0,6271.0,343,250,4338.0,67,854.0,55,,14,2327.0,896,700,61,20,11,17,66,45,0.297,0,977,806,0.478,0.7,98,97,1087,1593,254,340,9.918,3.15,833,1253,6310,4102,2208,7344,4137,3207,,0,2681,2229,,,20,23,76,38,482,505,0.081,0.468,1.27,86.0,86.0
Los Angeles Angels,2017,80,82,0.494,1462.0,5415.0,29.113,4.52,1215.0,0.277,8023,4077.0,7897,6030.0,0.243,22,44,1,521,618,135.0,251,265,648,672,4.198,451.0,152,113,80.0,0.986,704,772,3,1,3917,3927,1.23,0.899,1715,1339,141,116,44,70,1314,1373,,80,186,224,,,0,0,30,25,0.154,403,420,6,13,535.0,0.315,0.251,0.712,10.0,2093.0,23378.0,23397.0,0.0,6073.0,287,298,4322.0,61,678.0,40,,43,2197.0,710,709,46,30,17,24,65,43,0.268,1,863,867,0.397,0.756,136,69,1198,1312,257,309,8.199,2.95,941,1003,6566,4034,2532,6708,3965,2743,,1,2151,2344,,,14,17,62,37,493,445,0.086,0.437,1.279,57.0,57.0
Seattle Mariners,2017,78,84,0.48100000000000004,1422.0,5551.0,27.755,4.381,1326.0,0.3,8116,4119.0,7899,6132.0,0.259,26,35,1,590,507,147.0,281,262,708,713,4.455,498.0,155,115,103.0,0.982,750,788,5,11,4111,4266,1.08,0.851,1575,1353,131,126,53,78,1436,1399,,93,200,237,,,0,0,31,28,0.165,404,428,17,5,551.0,0.325,0.254,0.749,15.0,2200.0,23881.0,23533.0,0.0,6166.0,299,374,4321.0,63,714.0,41,,26,2339.0,750,772,35,60,14,24,65,39,0.262,0,938,888,0.424,0.718,89,77,1267,1244,320,252,7.776,2.69,947,992,6652,4117,2535,6463,3876,2587,,0,2351,2396,,,17,12,42,59,456,462,0.079,0.384,1.312,73.0,73.0
Texas Rangers,2017,78,84,0.48100000000000004,1616.0,5430.0,22.911,3.637,1195.0,0.291,8340,3739.0,8306,6211.0,0.244,21,44,2,549,608,174.0,255,287,745,749,4.7,513.0,121,177,108.0,0.982,661,708,5,3,4227,4183,1.09,1.048,1456,1549,110,155,74,81,1326,1443,,67,237,214,,,0,0,18,22,0.186,362,423,12,12,502.0,0.32,0.261,0.75,8.0,2352.0,24290.0,23921.0,0.0,6122.0,308,347,4303.0,79,756.0,48,,28,2163.0,799,816,39,40,27,11,50,29,0.299,1,813,929,0.43,0.72,113,83,1493,1107,334,244,6.948,2.06,1159,863,7089,4030,3059,6280,3887,2393,,1,2334,2398,,,21,13,54,67,526,537,0.089,0.364,1.396,63.0,63.0
Oakland Athletics,2017,75,87,0.46299999999999997,1597.0,5464.0,23.35,3.665,1236.0,0.294,8575,3779.0,8284,6167.0,0.246,25,22,1,538,659,163.0,305,300,707,743,4.673,554.0,97,171,121.0,0.98,747,690,2,5,4318,4085,0.88,1.074,1314,1530,129,127,61,43,1344,1444,,96,234,210,,,0,0,15,17,0.19,431,445,7,18,537.0,0.319,0.261,0.755,16.0,2275.0,24523.0,24079.0,0.0,6126.0,319,289,4293.0,74,708.0,40,,42,2298.0,739,826,40,46,13,17,60,35,0.3,1,790,906,0.436,0.722,57,107,1491,1202,328,248,7.56,2.48,1163,954,7022,4004,3018,6588,4033,2555,,1,2381,2430,,,15,28,32,83,550,485,0.092,0.379,1.36,84.0,84.0
Washington Nationals,2017,97,65,0.599,1434.0,5553.0,25.828,4.185,1319.0,0.311,8331,4056.0,8155,6068.0,0.266,18,30,3,549,379,139.0,311,243,766,624,3.882,557.0,140,136,86.0,0.985,728,688,1,1,4292,4517,1.09,1.001,1539,1378,116,119,60,31,1477,1300,,89,215,189,,,0,0,56,39,0.183,400,371,9,11,529.0,0.332,0.239,0.781,10.0,2198.0,24299.0,24101.0,0.0,6214.0,286,318,4340.0,99,796.0,41,,29,2241.0,819,672,45,31,43,35,64,46,0.295,1,920,845,0.449,0.783,108,90,1327,1457,316,342,9.063,3.2,1011,1115,6782,4151,2631,6935,4049,2886,,1,2495,2156,,,31,23,53,48,486,456,0.087,0.408,1.241,44.0,44.0
Miami Marlins,2017,77,85,0.475,1554.0,5602.0,28.876,4.37,1350.0,0.313,7903,4167.0,8625,6318.0,0.267,27,30,1,509,587,156.0,271,280,715,772,4.816,496.0,179,144,73.0,0.988,597,775,3,0,4286,4379,1.44,0.985,1789,1471,119,133,75,67,1497,1450,,98,194,193,,,0,0,48,59,0.164,377,414,9,14,545.0,0.331,0.263,0.762,12.0,2406.0,23905.0,24612.0,0.0,6248.0,270,304,4328.0,54,743.0,31,,30,2358.0,778,822,41,43,50,59,61,34,0.261,1,1001,940,0.431,0.752,91,59,1282,1202,275,292,7.497,2.12,1007,910,6727,4187,2540,6532,3943,2589,,1,2412,2383,,,31,37,63,50,438,568,0.078,0.379,1.44,57.0,57.0
Atlanta Braves,2017,72,90,0.444,1578.0,5584.0,33.842,4.716,1328.0,0.305,7556,4267.0,7959,6306.0,0.263,23,31,0,479,532,137.0,289,326,684,756,4.721,480.0,135,144,97.0,0.984,698,738,0,2,4543,4130,1.35,1.071,1815,1516,137,119,70,66,1467,1463,,82,165,192,,,0,0,57,39,0.149,421,402,9,11,564.0,0.326,0.263,0.738,20.0,2393.0,23315.0,23815.0,0.0,6216.0,227,275,4324.0,77,706.0,48,,29,2299.0,732,821,32,36,59,53,59,36,0.243,0,987,909,0.412,0.713,77,94,1184,1258,237,285,7.857,2.31,947,973,6179,3493,2686,6730,4084,2646,,0,2303,2437,,,26,36,48,65,417,545,0.076,0.4,1.42,58.0,58.0
New York Mets,2017,70,92,0.43200000000000005,1455.0,5510.0,24.598,4.268,1236.0,0.286,8041,4032.0,8428,6378.0,0.25,20,23,2,561,526,125.0,286,278,682,799,5.012,538.0,133,159,92.0,0.984,803,742,5,2,4291,4521,0.94,1.075,1465,1460,118,113,55,57,1379,1538,,73,224,220,,,0,0,31,51,0.184,408,356,12,3,515.0,0.32,0.273,0.754,7.0,2498.0,23999.0,24914.0,0.0,6169.0,355,260,4303.0,62,713.0,37,,29,2282.0,735,863,37,53,36,49,54,34,0.286,0,841,1017,0.434,0.716,58,96,1291,1374,289,360,8.622,2.54,1002,1014,6757,4152,2605,7028,4191,2837,,0,2393,2522,,,28,23,53,64,498,542,0.086,0.41,1.485,55.0,55.0
Philadelphia Phillies,2017,66,96,0.40700000000000003,1497.0,5535.0,31.81,3.906,1273.0,0.304,8074,3980.0,8036,6235.0,0.25,24,25,1,522,515,145.0,287,296,639,731,4.566,497.0,145,129,82.0,0.986,636,710,4,9,4387,4317,1.23,0.978,1613,1416,128,118,63,47,1382,1471,,73,174,221,,,0,0,25,39,0.159,395,404,13,8,536.0,0.315,0.265,0.724,17.0,2338.0,24132.0,23972.0,0.0,6133.0,277,334,4323.0,65,654.0,49,,30,2325.0,690,782,36,47,21,37,57,33,0.255,0,885,926,0.409,0.702,59,82,1417,1309,330,280,8.172,2.68,1087,1029,6927,4022,2905,6703,4036,2667,,0,2263,2486,,,36,28,51,51,469,488,0.081,0.349,1.387,50.0,50.0
Chicago Cubs,2017,92,70,0.568,1656.0,5496.0,24.646,3.923,1387.0,0.302,8232,3904.0,8492,6108.0,0.255,19,31,2,558,649,139.0,274,250,763,636,3.955,526.0,164,145,95.0,0.984,642,584,0,3,4410,4238,1.29,1.181,1635,1491,134,119,66,82,1402,1294,,90,223,194,,,0,0,54,29,0.182,347,437,10,11,582.0,0.338,0.238,0.775,13.0,2218.0,24352.0,24398.0,0.0,6283.0,283,242,4342.0,77,785.0,50,,34,2429.0,822,695,32,29,48,28,57,38,0.301,1,876,833,0.437,0.667,62,115,1401,1439,321,383,8.946,2.74,1080,1056,6892,3918,2974,6904,4152,2752,,1,2403,2160,,,29,17,59,59,568,525,0.099,0.444,1.277,73.0,73.0
Milwaukee Brewers,2017,86,76,0.531,1624.0,5467.0,24.406,3.48,1246.0,0.308,8127,3698.0,8272,6164.0,0.249,25,41,1,568,516,164.0,267,276,680,642,3.997,513.0,136,151,115.0,0.981,605,625,2,1,4308,4377,1.28,1.179,1523,1526,116,145,64,53,1363,1381,,102,224,185,,,0,0,34,45,0.18,354,364,7,10,557.0,0.322,0.252,0.751,11.0,2371.0,24245.0,24214.0,0.0,6135.0,235,305,4337.0,65,695.0,42,,32,2204.0,732,697,26,29,42,39,79,54,0.296,0,850,891,0.429,0.757,128,96,1571,1346,399,301,8.379,2.65,1172,1045,7225,4081,3144,6783,4038,2745,,0,2346,2270,,,22,29,52,55,513,508,0.089,0.348,1.338,50.0,50.0
St. Louis Cardinals,2017,83,79,0.512,1595.0,5470.0,27.908,4.058,1297.0,0.304,8475,3970.0,7831,6153.0,0.256,17,31,3,594,470,164.0,284,262,708,647,4.015,508.0,146,159,94.0,0.984,720,657,2,2,4321,4243,1.13,1.198,1568,1552,139,145,67,65,1402,1393,,91,196,183,,,0,0,36,50,0.17,399,393,12,5,556.0,0.334,0.253,0.76,7.0,2240.0,24475.0,23646.0,0.0,6219.0,265,246,4351.0,79,728.0,39,,32,2366.0,761,705,44,45,47,40,60,43,0.287,3,894,917,0.426,0.723,81,53,1348,1351,328,366,8.388,3.05,1020,985,6807,4161,2646,6795,4125,2670,,3,2330,2266,,,28,31,53,58,557,443,0.095,0.44,1.3,38.0,38.0
Pittsburgh Pirates,2017,75,87,0.46299999999999997,1661.0,5458.0,36.146,4.5,1302.0,0.286,8152,4122.0,7955,6208.0,0.244,21,36,2,533,546,156.0,249,320,604,677,4.229,436.0,148,148,99.0,0.984,683,647,1,3,4389,4392,1.28,1.163,1744,1565,120,133,58,88,1331,1464,,83,151,182,,,0,0,39,32,0.142,434,415,12,12,565.0,0.318,0.264,0.704,15.0,2471.0,24090.0,23700.0,0.0,6135.0,243,284,4322.0,69,635.0,45,,28,2277.0,668,731,28,29,42,53,57,36,0.243,1,895,931,0.386,0.65,67,89,1213,1262,278,312,7.884,2.64,935,950,6612,4127,2485,6372,3866,2506,,1,2105,2392,,,36,31,64,54,480,479,0.085,0.428,1.371,58.0,58.0
Cincinnati Reds,2017,68,94,0.42,1623.0,5484.0,25.041,4.126,1291.0,0.294,8106,3978.0,8394,6286.0,0.253,14,39,2,529,634,132.0,249,315,702,821,5.167,506.0,155,131,81.0,0.986,700,694,4,4,4409,4269,1.15,1.124,1588,1501,116,109,77,72,1390,1442,,58,219,248,,,0,0,41,37,0.18,380,379,5,10,560.0,0.329,0.263,0.762,9.0,2288.0,23922.0,24343.0,0.0,6213.0,305,262,4290.0,54,715.0,42,,42,2352.0,753,869,42,49,50,52,47,33,0.297,1,884,857,0.433,0.755,120,75,1329,1300,344,285,8.181,2.19,985,1015,6559,4035,2524,6692,3924,2768,,1,2372,2545,,,38,22,51,48,524,594,0.091,0.425,1.45,62.0,62.0
Los Angeles Dodgers,2017,104,58,0.642,1367.0,5408.0,24.471,3.919,1306.0,0.293,8710,3845.0,7458,5925.0,0.249,17,28,2,578,441,131.0,312,229,731,543,3.383,553.0,126,123,88.0,0.985,731,619,4,3,4001,4298,1.09,1.003,1495,1335,119,111,40,64,1347,1226,,98,221,184,,,0,0,41,33,0.188,393,392,10,11,582.0,0.334,0.228,0.771,19.0,2158.0,24348.0,23283.0,0.0,6191.0,250,320,4334.0,68,730.0,35,,28,2335.0,770,580,38,22,31,39,68,51,0.317,0,794,793,0.437,0.733,77,65,1380,1549,369,349,9.648,3.79,1011,1200,6897,4251,2646,7153,3959,3194,,0,2362,2047,,,20,20,39,37,608,409,0.105,0.47,1.155,40.0,40.0
Arizona Diamondbacks,2017,93,69,0.574,1604.0,5525.0,25.114,3.795,1379.0,0.306,8306,3876.0,8098,6072.0,0.254,20,30,2,600,741,140.0,314,276,767,588,3.672,573.0,142,129,108.0,0.982,649,610,4,3,4119,3915,1.2,1.298,1547,1539,106,126,38,54,1405,1309,,93,220,171,,,0,0,44,45,0.191,384,340,7,4,578.0,0.329,0.24,0.774,12.0,2207.0,24412.0,23855.0,0.0,6224.0,256,236,4323.0,82,776.0,42,,32,2352.0,812,659,27,37,39,36,63,43,0.308,1,832,828,0.445,0.774,103,63,1456,1482,369,314,9.252,3.15,1087,1168,7197,4334,2863,7028,4055,2973,,1,2457,2166,,,39,34,45,71,534,471,0.093,0.397,1.267,82.0,82.0
Colorado Rockies,2017,87,75,0.537,1730.0,5534.0,28.823,3.93,1366.0,0.332,7991,3975.0,8056,6177.0,0.273,15,34,1,508,709,167.0,293,290,771,721,4.514,523.0,157,146,77.0,0.987,604,614,3,3,4326,4138,1.34,1.307,1640,1626,143,144,50,44,1510,1453,,112,192,190,,,0,0,46,20,0.171,381,394,7,12,526.0,0.338,0.264,0.782,18.0,2334.0,23939.0,23727.0,0.0,6201.0,237,236,4313.0,68,793.0,38,,27,2278.0,824,757,41,44,62,49,62,47,0.269,1,987,923,0.444,0.634,59,63,1408,1270,292,266,7.947,2.48,1116,1004,6840,3994,2846,6448,3961,2487,,1,2455,2413,,,38,50,53,36,473,512,0.084,0.369,1.381,69.0,69.0
San Diego Padres,2017,71,91,0.43799999999999994,1623.0,5356.0,28.339,3.573,1164.0,0.287,7457,3701.0,8055,6169.0,0.234,17,33,2,493,596,177.0,227,275,567,747,4.699,447.0,109,136,113.0,0.981,633,664,5,5,4030,4084,1.05,1.191,1430,1521,99,157,75,53,1251,1417,,81,189,226,,,0,0,20,28,0.159,367,361,5,8,520.0,0.299,0.259,0.692,8.0,2298.0,22651.0,23726.0,0.0,5954.0,360,252,4292.0,67,576.0,44,,34,2129.0,604,816,33,35,52,32,62,45,0.256,1,804,893,0.393,0.73,89,71,1499,1325,380,334,8.334,2.52,1119,991,6676,3823,2853,6700,4081,2619,,1,2107,2416,,,31,23,37,69,440,526,0.077,0.307,1.378,73.0,73.0
San Francisco Giants,2017,64,98,0.395,1522.0,5551.0,43.367,4.61,1308.0,0.294,7774,4271.0,8025,6287.0,0.249,23,34,3,590,415,127.0,290,297,574,726,4.5,446.0,139,165,87.0,0.985,715,721,4,1,4185,4282,1.22,1.011,1748,1504,136,116,50,36,1382,1515,,66,128,182,,,0,0,37,42,0.131,411,449,10,5,528.0,0.309,0.268,0.689,6.0,2387.0,23276.0,23757.0,0.0,6137.0,310,317,4356.0,82,612.0,42,,37,2298.0,639,776,52,39,31,51,55,32,0.223,2,936,978,0.38,0.691,76,69,1204,1234,290,325,7.65,2.72,914,909,6261,3727,2534,6478,4019,2459,,2,2112,2474,,,28,58,65,50,430,454,0.076,0.388,1.385,55.0,55.0
Boston Red Sox,2016,93,69,0.574,1427.0,5670.0,27.26,4.888,1440.0,0.32,8474,4342.0,7942,6073.0,0.282,18,24,9,597,450,139.0,343,251,878,640,4.001,576.0,167,0,75.0,0.987,736,812,1,6,4260,4248,1.12,0.912,1637,1342,137,118,65,43,1598,1342,,82,208,176,,,116,48,34,16,0.179,363,320,9,9,588.0,0.348,0.246,0.809,37.0,2238.0,24948.0,23588.0,0.0,6320.0,361,340,4319.0,87,836.0,48,,33,2477.0,878,694,40,35,8,24,61,43,0.288,1,1022,892,0.461,0.776,83,57,1160,1362,275,336,8.514,2.87,885,1026,6898,4702,2196,6679,3998,2681,,1,2615,2167,,,25,23,0,54,524,474,0.088,0.481,1.273,52.0,52.0
Baltimore Orioles,2016,89,73,0.5489999999999999,1579.0,5524.0,21.834,4.172,1129.0,0.291,7865,3983.0,8332,6122.0,0.256,14,13,1,534,550,165.0,265,309,744,671,4.217,524.0,123,0,80.0,0.987,768,689,5,2,4074,4360,1.02,1.11,1491,1508,119,146,51,44,1413,1408,,60,253,183,,,62,80,19,23,0.187,332,354,4,9,488.0,0.317,0.258,0.76,4.0,2354.0,23529.0,24317.0,0.0,6089.0,368,315,4296.0,69,710.0,45,,36,2231.0,744,715,36,38,17,17,68,54,0.273,0,889,898,0.443,0.594,19,63,1324,1248,299,255,7.848,2.39,1025,993,6693,3744,2949,6667,4069,2598,,0,2449,2302,,,6,18,0,44,449,522,0.077,0.353,1.364,59.0,59.0
Toronto Blue Jays,2016,89,73,0.5489999999999999,1622.0,5479.0,24.792,4.023,1247.0,0.289,8885,3936.0,7765,6113.0,0.248,23,24,0,657,499,144.0,276,269,759,615,3.793,515.0,128,0,88.0,0.986,709,693,4,3,4235,3979,1.13,1.134,1578,1561,153,128,59,55,1358,1340,,74,221,183,,,52,34,16,10,0.178,320,348,6,11,530.0,0.33,0.242,0.756,29.0,2287.0,25143.0,23244.0,0.0,6233.0,371,336,4378.0,100,728.0,43,,20,2317.0,759,666,40,33,26,13,66,43,0.299,0,843,864,0.426,0.692,54,83,1362,1314,378,274,8.1,2.91,984,1040,7071,4451,2620,6629,3955,2674,,0,2333,2206,,,18,24,0,51,616,451,0.101,0.464,1.234,50.0,50.0
New York Yankees,2016,84,78,0.519,1536.0,5458.0,29.825,4.594,1244.0,0.289,7871,4136.0,7833,6023.0,0.253,16,22,0,501,429,115.0,245,279,680,661,4.165,448.0,144,0,86.0,0.985,761,657,4,4,4020,4081,1.13,1.166,1637,1491,121,101,57,42,1378,1358,,80,183,214,,,63,51,19,15,0.153,366,336,8,8,580.0,0.315,0.248,0.72,14.0,2178.0,23239.0,23518.0,0.0,6059.0,320,286,4285.0,70,647.0,44,,31,2292.0,680,702,49,22,21,21,64,48,0.249,0,930,843,0.405,0.766,72,84,1188,1393,269,266,8.775,3.25,919,1127,6381,4036,2345,6938,4018,2920,,0,2212,2323,,,20,22,0,41,456,429,0.078,0.4,1.262,52.0,52.0
Tampa Bay Rays,2016,68,94,0.42,1410.0,5481.0,25.375,3.698,1176.0,0.293,7851,3811.0,7981,6076.0,0.243,18,37,1,482,643,129.0,288,233,672,665,4.196,536.0,130,0,94.0,0.984,790,835,0,3,4061,4287,0.94,0.846,1358,1282,88,112,32,69,1333,1395,,75,216,210,,,68,78,20,25,0.183,294,327,13,9,507.0,0.307,0.255,0.733,13.0,2277.0,23483.0,24117.0,0.0,6046.0,358,354,4279.0,74,647.0,44,,31,2188.0,672,713,28,47,18,33,60,42,0.269,1,797,943,0.426,0.619,60,85,1482,1357,338,266,8.559,2.91,1144,1091,6903,3831,3072,6900,4083,2817,,1,2333,2276,,,32,9,0,48,429,466,0.074,0.303,1.322,61.0,61.0
Cleveland Indians,2016,94,67,0.584,1608.0,5484.0,29.643,4.401,1379.0,0.304,8221,4113.0,7791,6033.0,0.262,11,31,5,502,405,126.0,308,287,777,619,3.855,522.0,139,0,89.0,0.985,713,631,3,3,4563,4147,1.07,1.227,1568,1548,137,103,34,49,1435,1330,,54,185,186,,,56,113,16,34,0.168,429,394,10,11,578.0,0.329,0.243,0.759,12.0,2082.0,24192.0,23297.0,0.0,6155.0,321,237,4335.0,81,733.0,49,,32,2289.0,777,676,60,31,31,27,48,37,0.284,3,913,830,0.43,0.812,134,48,1246,1398,260,371,8.703,3.27,986,1027,6466,3927,2539,6669,3997,2672,,3,2356,2229,,,29,27,0,57,515,427,0.086,0.426,1.239,49.0,49.0
Detroit Tigers,2016,86,75,0.534,1537.0,5526.0,26.19,4.241,1278.0,0.312,7942,4050.0,7958,6048.0,0.267,19,29,3,499,362,148.0,252,250,750,673,4.242,493.0,152,0,75.0,0.987,804,749,4,2,4293,4319,1.03,0.99,1494,1436,135,131,51,53,1476,1417,,75,211,182,,,100,91,32,25,0.171,369,313,12,8,523.0,0.331,0.26,0.769,5.0,2151.0,23727.0,23532.0,0.0,6127.0,270,388,4284.0,72,719.0,37,,39,2339.0,750,721,38,53,17,25,66,47,0.265,1,983,943,0.438,0.667,58,66,1303,1232,277,261,7.767,2.82,1026,971,6555,3909,2646,6448,3852,2596,,1,2421,2297,,,30,42,0,48,461,437,0.08,0.378,1.316,44.0,44.0
Kansas City Royals,2016,81,81,0.5,1526.0,5552.0,37.769,4.536,1321.0,0.309,7382,4215.0,8140,6182.0,0.261,19,35,3,492,494,134.0,264,248,675,674,4.213,444.0,140,0,94.0,0.984,723,818,2,4,4285,4309,1.25,0.999,1715,1441,134,117,60,45,1450,1433,,81,147,206,,,74,26,23,8,0.139,341,324,6,9,530.0,0.312,0.259,0.712,7.0,2415.0,22936.0,23962.0,0.0,6052.0,305,301,4320.0,68,640.0,52,,42,2191.0,675,712,34,39,38,30,60,41,0.223,0,1006,958,0.4,0.776,121,54,1224,1287,216,272,8.046,2.53,1008,1015,6252,3596,2656,6615,3956,2659,,0,2221,2341,,,33,21,0,38,359,509,0.063,0.312,1.354,55.0,55.0
Chicago White Sox,2016,78,84,0.48100000000000004,1536.0,5550.0,33.036,4.319,1288.0,0.304,7810,4141.0,8229,6195.0,0.257,28,36,7,457,528,148.0,277,290,686,662,4.118,478.0,167,0,95.0,0.984,704,775,5,4,4417,4254,1.23,0.966,1669,1432,122,122,68,53,1428,1422,,87,168,185,,,54,111,16,30,0.153,351,398,12,16,553.0,0.317,0.257,0.727,8.0,2337.0,23742.0,23883.0,0.0,6131.0,308,310,4340.0,95,656.0,47,,20,2286.0,686,715,44,49,29,29,71,43,0.242,1,950,922,0.41,0.681,77,86,1285,1270,250,303,7.902,2.59,1035,967,6610,3891,2719,6356,3901,2455,,1,2275,2317,,,33,25,0,53,439,491,0.074,0.354,1.343,72.0,72.0
Minnesota Twins,2016,59,103,0.364,1610.0,5618.0,28.09,3.94,1306.0,0.3,8363,4035.0,8242,6314.0,0.251,20,32,4,501,649,172.0,288,326,722,816,5.089,523.0,142,0,126.0,0.979,794,810,4,4,4158,4359,1.03,1.016,1497,1505,96,154,41,44,1409,1617,,46,200,221,,,85,70,24,26,0.17,334,379,8,10,565.0,0.316,0.283,0.737,9.0,2356.0,24639.0,24468.0,0.0,6245.0,324,292,4329.0,60,690.0,42,,20,2292.0,722,889,43,46,27,26,46,26,0.272,1,886,1040,0.421,0.74,91,78,1426,1191,311,275,7.425,2.63,1115,916,7220,4532,2688,6507,4101,2406,,1,2367,2666,,,35,30,0,73,489,453,0.082,0.36,1.453,83.0,83.0
Texas Rangers,2016,95,67,0.586,1655.0,5525.0,25.698,4.529,1289.0,0.298,7654,4130.0,8066,6186.0,0.262,17,36,1,512,588,190.0,257,260,765,703,4.385,495.0,137,0,97.0,0.984,726,744,4,5,3997,4124,1.12,1.099,1604,1573,114,169,53,70,1446,1441,,103,215,201,,,82,50,23,16,0.171,365,404,11,6,518.0,0.322,0.26,0.755,11.0,2380.0,23310.0,23637.0,0.0,6089.0,336,283,4329.0,84,746.0,55,,33,2235.0,765,757,40,43,18,19,73,56,0.262,0,951,958,0.433,0.733,99,79,1220,1154,265,249,7.2,2.23,955,905,6626,4113,2513,6311,3847,2464,,0,2394,2348,,,23,22,0,54,413,518,0.072,0.357,1.369,45.0,45.0
Seattle Mariners,2016,86,76,0.531,1575.0,5583.0,25.036,4.335,1278.0,0.297,8164,4113.0,7700,6147.0,0.259,25,28,2,586,506,158.0,251,273,768,647,3.997,491.0,156,0,89.0,0.985,659,736,6,3,4310,4306,1.29,0.993,1718,1447,138,135,55,72,1446,1410,,97,223,213,,,102,106,29,30,0.171,374,396,7,18,560.0,0.326,0.253,0.756,11.0,2232.0,24310.0,23543.0,0.0,6227.0,301,325,4371.0,74,735.0,42,,32,2363.0,768,707,41,36,24,23,74,49,0.267,2,955,901,0.43,0.667,56,79,1288,1318,283,309,8.145,3.07,1005,1009,6712,4092,2620,6556,3970,2586,,2,2400,2368,,,17,23,0,60,477,430,0.081,0.393,1.284,52.0,52.0
Houston Astros,2016,84,78,0.519,1599.0,5545.0,28.005,3.819,1326.0,0.298,8252,3926.0,7898,6180.0,0.247,20,44,2,542,629,135.0,291,320,724,663,4.065,518.0,145,0,77.0,0.987,741,726,3,2,4175,3912,1.18,1.134,1580,1514,134,115,39,47,1367,1441,,102,198,181,,,106,67,31,19,0.17,337,347,10,11,567.0,0.319,0.256,0.736,18.0,2243.0,23973.0,24039.0,0.0,6204.0,262,262,4404.0,77,689.0,64,,31,2297.0,724,701,31,31,27,18,64,44,0.28,1,849,898,0.417,0.699,102,65,1452,1396,339,282,8.559,3.22,1113,1114,6698,3728,2970,7202,4392,2810,,1,2310,2388,,,29,42,0,38,523,434,0.089,0.382,1.29,98.0,98.0
Los Angeles Angels,2016,74,88,0.457,1483.0,5431.0,34.814,5.48,1303.0,0.289,7492,4333.0,7848,6120.0,0.26,21,34,4,531,566,148.0,279,275,717,676,4.28,455.0,149,0,97.0,0.983,784,823,7,3,3969,4167,1.2,0.896,1781,1394,147,126,56,51,1410,1480,,85,156,208,,,63,102,21,27,0.145,415,380,16,6,525.0,0.322,0.269,0.727,7.0,2362.0,22550.0,23705.0,0.0,6041.0,282,352,4264.0,64,686.0,51,,47,2228.0,717,727,49,48,36,22,50,29,0.239,3,955,977,0.405,0.682,73,93,991,1136,224,302,7.191,2.41,767,834,5910,3753,2157,6536,4062,2474,,3,2197,2419,,,20,20,0,51,450,471,0.078,0.475,1.392,47.0,47.0
Oakland Athletics,2016,69,93,0.426,1630.0,5501.0,32.55,4.804,1162.0,0.28,7802,4221.0,7952,6144.0,0.246,23,23,2,467,491,151.0,270,277,653,719,4.515,460.0,136,0,97.0,0.984,802,694,3,7,3902,4018,1.02,1.105,1615,1565,142,128,50,33,1352,1459,,66,169,185,,,63,81,19,28,0.149,458,413,9,12,502.0,0.304,0.263,0.699,11.0,2255.0,23066.0,23471.0,0.0,6023.0,318,309,4300.0,69,634.0,59,,22,2137.0,653,761,34,49,13,21,65,42,0.234,1,892,971,0.395,0.685,50,70,1145,1188,241,244,7.461,2.73,904,944,6392,4023,2369,6436,3882,2554,,1,2171,2343,,,21,26,0,42,423,436,0.073,0.386,1.342,70.0,70.0
Washington Nationals,2016,95,67,0.586,1425.0,5490.0,27.044,4.385,1284.0,0.293,8137,4098.0,7694,6036.0,0.256,14,39,1,570,470,142.0,268,252,763,571,3.521,500.0,136,0,73.0,0.988,754,664,1,2,4004,4378,1.06,1.0,1568,1381,102,126,57,64,1403,1272,,91,203,155,,,176,160,49,43,0.17,442,406,12,7,569.0,0.326,0.234,0.752,17.0,2201.0,24081.0,23672.0,0.0,6201.0,284,311,4379.0,92,735.0,38,,29,2206.0,763,612,63,28,48,52,60,46,0.283,0,903,838,0.426,0.756,121,51,1252,1476,331,317,9.099,3.47,921,1159,6778,4386,2392,6878,4029,2849,,0,2338,2043,,,29,27,0,41,487,425,0.086,0.428,1.192,47.0,47.0
New York Mets,2016,87,75,0.537,1519.0,5459.0,25.041,4.193,1203.0,0.282,8151,3980.0,7369,6067.0,0.246,16,18,1,537,482,138.0,240,258,671,575,3.576,477.0,142,0,90.0,0.985,799,719,3,2,4252,4522,0.96,1.053,1475,1436,123,119,35,62,1342,1397,,102,218,152,,,142,142,43,39,0.171,405,385,8,8,536.0,0.316,0.254,0.733,8.0,2212.0,23984.0,23607.0,0.0,6115.0,335,260,4341.0,87,649.0,33,,44,2329.0,671,617,41,44,35,55,71,55,0.27,1,865,958,0.417,0.7,42,130,1302,1396,325,328,8.685,3.49,977,1068,6602,4109,2493,6860,4166,2694,,1,2274,2169,,,19,29,0,42,474,400,0.085,0.397,1.269,50.0,50.0
Miami Marlins,2016,79,82,0.491,1506.0,5548.0,43.344,4.574,1359.0,0.314,7723,4245.0,8230,6164.0,0.263,29,28,0,517,621,137.0,259,256,655,646,4.052,429.0,152,0,86.0,0.985,633,693,3,2,4036,4195,1.39,1.03,1802,1405,140,120,61,54,1460,1358,,97,128,152,,,142,230,40,62,0.131,425,403,12,9,572.0,0.322,0.251,0.716,9.0,2407.0,23668.0,24244.0,0.0,6134.0,241,268,4305.0,63,626.0,59,,38,2402.0,655,682,38,50,46,48,84,55,0.219,0,1031,919,0.394,0.717,71,73,1213,1379,284,342,8.649,2.59,929,1037,6770,4350,2420,6778,4089,2689,,0,2187,2132,,,42,31,0,36,407,533,0.073,0.369,1.361,66.0,66.0
Philadelphia Phillies,2016,71,91,0.43799999999999994,1503.0,5434.0,33.752,3.949,1216.0,0.291,7457,3927.0,8037,6164.0,0.24,20,45,4,464,497,142.0,231,308,610,741,4.641,427.0,145,0,97.0,0.984,639,739,5,5,4301,4086,1.27,0.962,1646,1412,112,123,51,58,1305,1468,,81,161,213,,,113,102,33,30,0.144,386,411,13,8,539.0,0.301,0.265,0.685,10.0,2233.0,22889.0,23836.0,0.0,5992.0,270,318,4311.0,79,574.0,57,,31,2134.0,610,796,30,55,46,49,63,43,0.232,3,878,914,0.384,0.681,96,67,1376,1299,300,311,8.136,2.98,1076,988,6360,3552,2808,6715,4097,2618,,3,2089,2481,,,35,33,0,55,391,436,0.071,0.308,1.346,57.0,57.0
Atlanta Braves,2016,68,93,0.42200000000000004,1565.0,5514.0,45.197,4.447,1388.0,0.305,7482,4204.0,8233,6250.0,0.255,19,34,1,516,499,134.0,295,263,649,725,4.507,444.0,170,0,101.0,0.983,647,768,4,3,4273,4331,1.39,1.035,1822,1522,145,107,70,59,1404,1414,,64,122,177,,,212,198,60,55,0.129,423,433,10,11,596.0,0.321,0.256,0.705,14.0,2284.0,23255.0,24340.0,0.0,6192.0,241,269,4343.0,64,615.0,51,,25,2434.0,649,779,52,50,64,52,58,39,0.228,1,960,927,0.384,0.688,75,123,1240,1227,279,275,7.632,2.49,961,952,6313,3804,2509,6604,4062,2542,,1,2119,2302,,,27,47,0,54,442,492,0.081,0.405,1.355,83.0,83.0
Chicago Cubs,2016,103,58,0.64,1635.0,5503.0,27.653,4.11,1482.0,0.302,8687,4002.0,7741,5933.0,0.256,15,34,5,637,549,117.0,293,205,808,511,3.151,522.0,154,0,101.0,0.983,744,625,4,4,4352,4015,1.07,1.188,1521,1525,107,98,63,96,1409,1125,,74,199,163,,,161,86,45,24,0.173,368,417,12,10,630.0,0.343,0.212,0.772,12.0,2067.0,25170.0,23338.0,0.0,6335.0,308,242,4379.0,100,767.0,44,,38,2588.0,808,556,37,35,42,31,53,38,0.298,2,887,742,0.429,0.66,66,128,1339,1441,344,374,8.883,3.06,995,1067,6983,4145,2838,6952,4166,2786,,2,2359,1849,,,30,15,0,45,611,471,0.104,0.49,1.11,80.0,80.0
St. Louis Cardinals,2016,86,76,0.531,1747.0,5548.0,24.658,4.209,1260.0,0.294,7954,4046.0,7742,6164.0,0.255,17,26,2,567,495,169.0,299,278,779,656,4.076,556.0,174,0,107.0,0.983,808,639,5,4,4484,4095,1.08,1.372,1563,1686,117,150,52,70,1415,1432,,70,225,159,,,104,122,28,35,0.187,363,367,9,12,530.0,0.325,0.258,0.767,10.0,2388.0,23920.0,23345.0,0.0,6223.0,276,223,4345.0,83,745.0,58,,26,2295.0,779,712,41,46,37,38,55,38,0.284,2,859,973,0.442,0.574,35,82,1318,1290,298,383,8.019,2.93,1020,907,6428,3661,2767,6492,4068,2424,,2,2453,2231,,,32,22,0,56,498,440,0.085,0.399,1.317,50.0,50.0
Pittsburgh Pirates,2016,78,83,0.484,1745.0,5542.0,36.222,4.154,1500.0,0.311,8463,4091.0,8138,6292.0,0.257,20,45,5,614,525,172.0,277,322,729,681,4.225,462.0,168,0,111.0,0.982,655,634,1,4,4329,4377,1.33,1.268,1707,1659,133,149,68,81,1426,1490,,89,153,180,,,140,102,39,28,0.145,392,405,10,16,615.0,0.332,0.267,0.734,17.0,2462.0,24902.0,24070.0,0.0,6261.0,238,269,4352.0,68,696.0,57,,25,2496.0,729,758,36,46,41,64,71,51,0.257,1,964,948,0.402,0.71,110,93,1334,1232,329,322,7.641,2.44,1005,910,6988,4298,2690,6402,3881,2521,,1,2226,2432,,,32,40,0,77,522,505,0.09,0.421,1.395,71.0,71.0
Milwaukee Brewers,2016,73,89,0.451,1671.0,5330.0,27.474,3.454,1257.0,0.304,8339,3632.0,8132,6188.0,0.244,23,56,0,535,598,145.0,249,293,671,653,4.097,462.0,147,0,136.0,0.978,585,669,2,4,4132,4120,1.38,1.18,1570,1606,131,124,66,37,1299,1450,,88,194,178,,,117,114,34,33,0.163,330,416,13,9,574.0,0.322,0.263,0.729,8.0,2416.0,24184.0,23795.0,0.0,6061.0,226,276,4303.0,62,641.0,40,,60,2288.0,671,733,39,41,53,40,69,46,0.299,0,837,943,0.407,0.764,181,86,1543,1175,395,307,7.371,2.36,1148,868,7140,4137,3003,6350,3979,2371,,0,2168,2349,,,19,36,0,80,565,499,0.099,0.388,1.382,48.0,48.0
Cincinnati Reds,2016,68,94,0.42,1549.0,5487.0,33.457,4.273,1259.0,0.303,7690,4083.0,8717,6348.0,0.256,25,51,2,453,626,142.0,277,261,716,787,4.912,474.0,144,0,102.0,0.983,669,718,3,2,4273,4432,1.18,0.959,1638,1436,129,121,78,52,1403,1457,,57,164,258,,,139,104,37,31,0.152,484,476,10,14,508.0,0.316,0.263,0.724,9.0,2488.0,23323.0,24903.0,0.0,6094.0,240,304,4326.0,67,678.0,49,,45,2112.0,716,854,44,35,58,54,53,28,0.251,1,929,920,0.408,0.732,139,100,1284,1241,343,293,7.749,2.05,941,948,6406,3893,2513,6552,3940,2612,,1,2238,2528,,,33,18,0,67,415,605,0.074,0.352,1.451,61.0,61.0
Los Angeles Dodgers,2016,91,71,0.562,1448.0,5518.0,29.196,4.177,1246.0,0.294,8123,4040.0,7817,6014.0,0.249,22,26,3,546,478,101.0,272,225,725,598,3.704,482.0,148,0,80.0,0.986,683,694,5,1,4107,4321,1.28,1.008,1688,1365,120,85,53,58,1376,1266,,102,189,165,,,111,182,31,51,0.16,384,369,5,9,558.0,0.319,0.233,0.728,13.0,2037.0,23756.0,24092.0,0.0,6164.0,248,291,4359.0,60,680.0,48,,36,2299.0,725,638,32,30,30,35,69,47,0.258,3,894,850,0.409,0.634,45,80,1321,1510,318,330,9.351,3.66,1003,1180,6544,3957,2587,7254,4244,3010,,3,2257,2038,,,21,26,0,40,494,413,0.085,0.397,1.191,58.0,58.0
San Francisco Giants,2016,87,75,0.537,1639.0,5565.0,42.808,5.027,1462.0,0.299,8046,4374.0,7774,6048.0,0.258,29,36,10,647,365,136.0,280,262,715,599,3.692,464.0,168,0,72.0,0.988,737,698,3,3,4343,4175,1.16,1.129,1736,1549,120,121,46,42,1437,1334,,125,130,158,,,152,104,43,30,0.14,474,373,17,7,640.0,0.329,0.243,0.727,6.0,2146.0,24006.0,23350.0,0.0,6271.0,282,301,4381.0,85,675.0,48,,35,2498.0,715,631,46,34,42,41,72,43,0.25,3,973,872,0.398,0.687,79,68,1107,1309,279,318,8.064,3.2,828,991,6224,3866,2358,6631,4036,2595,,3,2215,2154,,,54,42,0,32,529,409,0.091,0.517,1.214,40.0,40.0
Colorado Rockies,2016,75,87,0.46299999999999997,1749.0,5614.0,27.52,4.221,1354.0,0.326,8065,4114.0,8139,6289.0,0.275,28,39,2,568,628,148.0,318,312,845,781,4.918,569.0,142,0,110.0,0.982,607,591,2,2,4575,4190,1.24,1.388,1626,1693,113,129,70,40,1544,1532,,74,204,181,,,128,125,35,38,0.182,431,416,15,14,549.0,0.336,0.274,0.793,13.0,2423.0,24423.0,24012.0,0.0,6236.0,277,213,4288.0,78,805.0,36,,31,2218.0,845,860,34,36,54,49,65,37,0.275,2,975,988,0.457,0.629,66,92,1330,1223,268,265,7.704,2.4,1062,958,6665,3907,2758,6411,3811,2600,,2,2568,2489,,,47,51,0,79,459,509,0.079,0.371,1.455,72.0,72.0
Arizona Diamondbacks,2016,69,93,0.426,1663.0,5665.0,29.816,3.97,1344.0,0.315,7876,4086.0,8347,6437.0,0.261,22,31,2,527,753,143.0,285,337,752,821,5.091,531.0,171,0,101.0,0.983,616,644,2,2,4080,4276,1.43,1.202,1740,1581,117,126,57,50,1479,1563,,69,190,202,,,151,206,43,57,0.171,384,406,10,9,580.0,0.32,0.275,0.752,17.0,2488.0,24100.0,24789.0,0.0,6260.0,217,265,4355.0,62,709.0,47,,35,2269.0,752,890,38,42,43,42,53,31,0.271,2,948,986,0.432,0.815,137,63,1427,1318,369,300,8.172,2.41,1058,1018,7090,4347,2743,6691,3992,2699,,2,2446,2582,,,56,38,0,69,420,546,0.074,0.324,1.492,69.0,69.0
San Diego Padres,2016,68,94,0.42,1623.0,5419.0,30.616,3.613,1212.0,0.291,7833,3778.0,8267,6228.0,0.235,18,45,1,467,650,165.0,257,275,686,711,4.444,460.0,121,0,109.0,0.982,646,725,1,4,4202,4079,1.18,1.108,1523,1553,93,148,53,58,1275,1425,,74,177,183,,,109,158,30,44,0.155,354,397,7,8,489.0,0.299,0.258,0.689,13.0,2391.0,23526.0,24103.0,0.0,6001.0,289,280,4320.0,69,654.0,40,,29,2063.0,686,770,36,42,36,27,53,35,0.253,0,815,923,0.39,0.735,125,89,1500,1222,365,322,7.641,2.33,1135,900,6853,4030,2823,6512,4127,2385,,0,2115,2337,,,26,44,0,59,419,525,0.075,0.299,1.385,67.0,67.0
Toronto Blue Jays,2015,93,69,0.574,1592.0,5509.0,23.746,4.786,,0.298,8364,4188.0,7394,5984.0,0.269,22,23,7,549,409,145.0,308,267,891,610,3.81,557.0,135,0,88.0,0.985,703,762,3,1,3901,4196,1.24,1.021,1724,1544,140,128,59,54,1480,1353,,63,232,173,,,38,59,12,20,0.188,341,411,11,9,,0.34,0.248,0.797,,2083.0,24034.0,22621.0,0.0,6232.0,351,339,4323.0,85,852.0,41,,41,2249.0,891,670,62,49,36,25,56,34,0.304,10,923,883,0.457,0.793,88,56,1151,1117,275,294,6.975,2.96,876,823,6685,4291,2394,6113,3773,2340,,10,2518,2199,,,17,30,0,60,558,377,0.091,0.495,1.214,,
New York Yankees,2015,87,75,0.537,1594.0,5567.0,26.259,4.537,,0.283,8551,4182.0,8136,6191.0,0.251,12,25,3,505,457,135.0,272,260,764,653,4.032,503.0,139,0,93.0,0.985,821,684,1,5,4095,4232,0.99,1.192,1558,1563,105,113,56,63,1397,1416,,80,212,182,,,83,56,23,16,0.17,382,360,12,9,,0.323,0.253,0.744,,2286.0,24500.0,24220.0,0.0,6262.0,365,267,4373.0,78,737.0,45,,36,2355.0,764,698,54,39,24,31,60,48,0.276,4,894,949,0.421,0.716,63,69,1227,1370,318,315,8.46,2.99,909,1055,6799,4446,2353,7006,4225,2781,,4,2343,2272,,,19,25,0,45,531,458,0.088,0.452,1.297,,
Baltimore Orioles,2015,81,81,0.5,1597.0,5485.0,25.276,4.121,,0.291,7551,3969.0,7923,6085.0,0.25,15,25,0,460,395,135.0,246,317,713,646,4.053,483.0,141,0,77.0,0.987,710,682,2,4,4234,4262,1.11,1.098,1561,1522,127,117,54,51,1370,1406,,54,217,174,,,77,86,23,27,0.171,378,381,11,10,,0.307,0.257,0.728,,2302.0,22895.0,23543.0,0.0,6006.0,314,323,4304.0,73,686.0,50,,29,2150.0,713,693,32,44,20,24,58,43,0.251,10,887,892,0.421,0.638,44,60,1331,1233,300,280,7.731,2.7,1031,953,6333,3480,2853,6533,4036,2497,,10,2307,2291,,,20,23,0,47,395,456,0.07,0.314,1.317,,
Tampa Bay Rays,2015,80,82,0.494,1408.0,5485.0,32.844,4.187,,0.3,7696,4055.0,7752,6069.0,0.252,27,45,1,443,600,119.0,278,232,644,604,3.74,477.0,150,0,95.0,0.984,763,837,5,7,4187,4271,1.03,0.865,1510,1333,121,94,46,84,1383,1314,,113,167,175,,,70,76,22,23,0.154,366,390,16,10,,0.314,0.24,0.72,,2151.0,23195.0,23794.0,0.0,6071.0,340,314,4360.0,70,612.0,33,,44,2265.0,644,642,47,40,19,27,87,60,0.241,12,906,888,0.406,0.659,87,85,1310,1355,322,275,8.388,2.99,988,1080,6485,3732,2753,6880,4090,2790,,12,2226,2109,,,32,19,0,38,414,454,0.072,0.333,1.232,,
Boston Red Sox,2015,78,84,0.48100000000000004,1625.0,5640.0,35.031,4.913,,0.305,8137,4373.0,8181,6224.0,0.265,21,27,3,483,485,148.0,294,299,748,698,4.337,488.0,155,0,97.0,0.984,747,776,2,3,4451,4085,1.22,1.077,1756,1545,127,127,62,46,1495,1486,,63,161,178,,,93,61,28,17,0.15,372,361,5,11,,0.325,0.264,0.74,,2383.0,24678.0,23894.0,0.0,6236.0,321,297,4345.0,84,706.0,66,,38,2318.0,748,753,42,37,30,23,61,40,0.242,10,1007,977,0.415,0.724,71,69,1148,1218,271,306,7.569,2.64,877,912,6932,4639,2293,6562,4090,2472,,10,2338,2383,,,33,32,0,55,450,461,0.077,0.416,1.356,,
Kansas City Royals,2015,95,67,0.586,1611.0,5575.0,40.108,5.73,,0.301,7375,4510.0,8028,6112.0,0.269,20,34,2,522,498,138.0,300,262,724,603,3.738,481.0,163,0,88.0,0.985,819,833,4,3,4020,4160,1.13,0.961,1759,1489,133,114,52,77,1497,1372,,79,139,155,,,100,38,28,10,0.143,419,396,9,15,,0.322,0.249,0.734,,2311.0,22679.0,23608.0,0.0,6116.0,322,321,4356.0,73,689.0,54,,35,2221.0,724,641,47,44,34,28,76,56,0.225,8,1016,916,0.412,0.754,104,69,973,1160,175,247,7.191,2.42,798,913,5921,3789,2132,6438,3995,2443,,8,2298,2177,,,42,39,0,38,355,479,0.063,0.394,1.282,,
Minnesota Twins,2015,83,79,0.512,1637.0,5467.0,35.045,4.325,,0.292,7517,4088.0,7587,6139.0,0.247,15,38,2,474,472,150.0,277,295,696,653,4.073,477.0,137,0,86.0,0.986,771,781,3,9,4164,4142,1.15,1.027,1634,1586,133,132,41,40,1349,1506,,77,156,163,,,101,111,31,34,0.152,352,445,9,5,,0.305,0.269,0.704,,2332.0,23088.0,22956.0,0.0,6017.0,301,319,4329.0,80,661.0,47,,22,2170.0,696,700,41,43,30,42,60,45,0.239,12,872,1023,0.399,0.648,70,91,1264,1046,263,231,6.525,2.76,1001,815,6523,3995,2528,5983,3799,2184,,12,2182,2340,,,44,25,0,47,408,379,0.073,0.347,1.33,,
Cleveland Indians,2015,81,80,0.503,1528.0,5439.0,38.574,4.701,,0.299,8183,4191.0,7288,5904.0,0.256,12,28,11,491,408,136.0,303,254,669,586,3.681,473.0,141,0,79.0,0.987,728,673,5,4,4238,4233,1.16,1.082,1675,1429,134,120,48,39,1395,1274,,63,141,161,,,117,91,34,27,0.145,420,395,9,6,,0.325,0.237,0.726,,2010.0,23768.0,22494.0,0.0,6108.0,295,253,4298.0,92,640.0,39,,39,2381.0,669,640,50,32,47,26,50,38,0.253,10,922,828,0.401,0.754,86,67,1157,1407,284,326,8.838,3.54,873,1081,6339,4164,2175,6399,3699,2700,,10,2179,2073,,,29,31,0,54,499,398,0.087,0.461,1.186,,
Chicago White Sox,2015,76,86,0.469,1582.0,5533.0,40.684,4.495,,0.296,7529,4203.0,7707,6181.0,0.25,15,42,7,465,586,159.0,260,272,622,643,3.984,423.0,176,0,101.0,0.983,620,676,4,2,4179,4243,1.38,1.065,1807,1465,125,135,62,65,1381,1443,,61,136,162,,,78,124,22,34,0.13,402,395,14,13,,0.306,0.26,0.686,,2359.0,23139.0,23862.0,0.0,6068.0,284,305,4358.0,103,595.0,51,,30,2241.0,622,701,37,43,30,42,52,37,0.208,9,958,970,0.38,0.618,68,73,1231,1359,252,285,8.424,3.09,979,1074,6448,3972,2476,6851,4054,2797,,9,2103,2279,,,27,39,0,58,382,440,0.067,0.328,1.32,,
Detroit Tigers,2015,74,87,0.46,1621.0,5605.0,37.119,4.452,,0.322,7724,4230.0,8027,6188.0,0.27,24,51,7,490,425,166.0,289,280,689,746,4.64,489.0,172,0,86.0,0.986,826,792,5,1,4496,4162,1.09,0.966,1584,1504,152,137,46,41,1515,1491,,49,151,193,,,130,121,36,32,0.15,376,397,13,18,,0.328,0.268,0.748,,2199.0,23678.0,23660.0,0.0,6159.0,258,368,4341.0,79,660.0,36,,43,2347.0,689,803,35,44,23,44,59,35,0.237,12,1026,958,0.42,0.619,83,71,1259,1100,261,254,6.84,2.41,998,846,6404,3732,2672,6336,3977,2359,,12,2355,2470,,,49,60,0,57,419,457,0.074,0.361,1.368,,
Texas Rangers,2015,88,74,0.5429999999999999,1695.0,5511.0,32.041,4.47,,0.3,7963,4160.0,8316,6215.0,0.257,17,39,5,577,579,169.0,279,280,751,682,4.255,483.0,155,0,119.0,0.981,680,726,3,2,3859,4165,1.17,1.081,1648,1603,99,145,63,76,1419,1459,,94,172,171,,,116,95,32,29,0.156,411,460,10,16,,0.325,0.262,0.738,,2418.0,23727.0,24172.0,0.0,6187.0,316,297,4328.0,82,707.0,56,,25,2250.0,751,733,54,51,43,22,62,45,0.258,9,936,968,0.413,0.721,101,76,1233,1095,283,275,6.831,2.29,950,820,6762,4228,2534,6420,4188,2232,,9,2278,2332,,,32,40,0,51,471,479,0.081,0.408,1.363,,
Houston Astros,2015,86,76,0.531,1617.0,5459.0,23.735,3.922,,0.292,8027,3880.0,7707,5965.0,0.25,19,48,5,467,525,131.0,278,252,729,572,3.573,534.0,151,0,85.0,0.986,759,682,3,7,4208,4093,1.0,1.201,1439,1589,102,108,43,56,1363,1308,,79,230,148,,,76,61,22,17,0.187,359,379,7,10,,0.315,0.241,0.752,,2135.0,23540.0,23188.0,0.0,6072.0,320,262,4323.0,95,691.0,48,,27,2150.0,729,618,43,38,28,27,58,39,0.289,13,829,871,0.437,0.716,121,84,1392,1280,323,250,7.992,3.15,1069,1030,6557,3613,2944,6551,4027,2524,,13,2383,2078,,,26,37,0,46,464,406,0.08,0.349,1.201,,
Los Angeles Angels,2015,85,77,0.525,1491.0,5417.0,30.778,4.71,,0.28,7554,4131.0,7731,6096.0,0.246,21,34,2,523,506,108.0,243,273,661,631,3.942,440.0,139,0,93.0,0.984,718,794,8,2,3850,3798,1.15,0.883,1676,1398,116,91,71,58,1331,1355,,86,176,166,,,123,160,34,45,0.15,445,434,12,12,,0.307,0.248,0.703,,2246.0,22709.0,23192.0,0.0,5987.0,290,356,4322.0,92,621.0,45,,43,2097.0,661,675,40,50,37,42,67,46,0.234,12,891,897,0.396,0.605,52,86,1150,1221,296,328,7.632,2.9,854,893,6261,4016,2245,6587,4147,2440,,12,2144,2164,,,21,19,0,44,401,421,0.073,0.378,1.264,,
Seattle Mariners,2015,76,86,0.469,1684.0,5544.0,28.0,4.15,,0.292,8080,4045.0,7684,6223.0,0.249,26,45,6,542,553,156.0,262,285,656,677,4.165,482.0,126,0,94.0,0.985,736,675,3,2,4064,3897,1.13,1.161,1607,1584,123,128,70,36,1379,1430,,101,198,181,,,111,136,31,41,0.162,415,401,17,16,,0.311,0.256,0.722,,2257.0,23815.0,23408.0,0.0,6131.0,267,288,4388.0,91,624.0,60,,40,2278.0,656,726,35,37,38,32,71,45,0.253,12,897,941,0.411,0.605,69,63,1336,1283,305,293,7.893,2.85,1031,990,6698,3954,2744,6697,4180,2517,,12,2279,2304,,,22,23,0,49,447,450,0.078,0.358,1.313,,
Oakland Athletics,2015,68,94,0.42,1642.0,5600.0,38.356,5.004,,0.288,7951,4373.0,7955,6128.0,0.251,25,29,5,511,485,154.0,277,266,694,668,4.162,469.0,180,0,126.0,0.979,728,686,1,4,4039,4128,1.1,1.046,1704,1547,124,130,47,40,1405,1402,,41,146,172,,,76,70,21,19,0.144,473,444,13,13,,0.312,0.254,0.707,,2254.0,23789.0,23485.0,0.0,6167.0,347,349,4334.0,87,661.0,56,,39,2356.0,694,729,38,53,14,34,53,28,0.238,15,936,951,0.395,0.729,78,72,1119,1179,267,254,7.344,2.59,852,925,6642,4536,2106,6371,3899,2472,,15,2212,2210,,,46,13,0,61,454,455,0.077,0.424,1.299,,
New York Mets,2015,90,72,0.556,1599.0,5527.0,31.226,4.284,,0.287,8024,4092.0,7096,6046.0,0.244,21,25,1,470,341,131.0,295,235,683,561,3.452,489.0,139,0,88.0,0.986,797,754,4,5,4265,4016,1.0,1.119,1540,1552,130,114,44,68,1351,1341,,72,177,152,,,153,158,42,43,0.156,421,387,12,8,,0.312,0.243,0.712,,2134.0,23903.0,22490.0,0.0,6144.0,319,246,4388.0,104,654.0,49,,26,2252.0,683,613,32,40,29,63,71,50,0.249,14,862,931,0.4,0.671,51,73,1290,1337,319,341,8.226,3.93,971,996,6650,4205,2445,6588,4015,2573,,14,2211,2078,,,17,23,0,52,446,340,0.079,0.378,1.179,,
Washington Nationals,2015,83,79,0.512,1533.0,5428.0,30.667,4.039,,0.3,7908,3958.0,7040,5975.0,0.251,23,23,4,447,390,125.0,265,239,703,577,3.62,455.0,167,0,90.0,0.985,594,614,2,4,3977,4171,1.36,1.062,1704,1466,129,104,55,44,1363,1366,,78,177,145,,,143,138,38,37,0.152,414,467,9,11,,0.321,0.25,0.724,,2150.0,23237.0,22492.0,0.0,6117.0,244,300,4304.0,93,665.0,59,,32,2255.0,703,635,51,39,55,52,64,41,0.257,13,908,953,0.403,0.713,57,49,1344,1342,337,314,8.415,4.1,1007,1028,6534,3848,2686,6508,3959,2549,,13,2185,2098,,,13,29,0,58,501,327,0.088,0.401,1.206,,
Miami Marlins,2015,71,91,0.43799999999999994,1588.0,5463.0,45.525,4.75,,0.307,7244,4233.0,7860,6050.0,0.26,21,45,0,415,484,162.0,236,278,613,640,4.036,396.0,166,0,77.0,0.987,582,721,3,1,3754,4006,1.58,1.046,1921,1515,133,145,52,39,1420,1374,,80,120,141,,,109,85,30,25,0.124,406,451,7,9,,0.31,0.255,0.694,,2247.0,22245.0,22937.0,0.0,5988.0,228,277,4281.0,86,575.0,39,,25,2191.0,613,678,40,55,71,50,56,35,0.205,12,1024,926,0.384,0.713,112,70,1150,1152,257,286,7.263,2.38,893,866,6216,3982,2234,6103,3797,2306,,12,2096,2133,,,40,29,0,38,345,483,0.063,0.326,1.319,,
Atlanta Braves,2015,67,95,0.414,1593.0,5420.0,54.2,4.896,,0.297,7584,4244.0,7968,6156.0,0.251,26,33,3,423,319,186.0,251,285,573,699,4.414,369.0,162,0,90.0,0.985,637,772,3,3,3925,4119,1.47,1.035,1902,1496,148,164,53,44,1361,1462,,82,100,170,,,135,161,39,45,0.108,428,391,12,11,,0.314,0.268,0.673,,2361.0,22618.0,23167.0,0.0,6033.0,231,282,4276.0,84,548.0,54,,33,2318.0,573,760,31,46,67,56,70,44,0.202,10,992,974,0.359,0.676,69,81,1107,1148,262,252,7.245,2.27,845,896,6120,3931,2189,6174,3829,2345,,10,1948,2323,,,18,33,0,61,432,505,0.078,0.425,1.412,,
Philadelphia Phillies,2015,63,99,0.389,1585.0,5529.0,42.531,4.34,,0.299,7260,4154.0,7910,6332.0,0.249,16,32,1,427,569,145.0,272,300,626,749,4.693,439.0,144,0,117.0,0.981,661,730,2,2,4055,4190,1.22,1.009,1693,1524,119,124,61,54,1374,1592,,53,130,191,,,65,129,20,37,0.133,467,485,11,13,,0.303,0.28,0.685,,2496.0,22625.0,23817.0,0.0,6052.0,261,296,4309.0,68,586.0,62,,33,2237.0,626,809,29,42,53,47,51,35,0.213,7,935,1068,0.382,0.733,88,76,1274,1153,291,254,7.227,2.56,983,899,6416,3869,2547,6299,3743,2556,,7,2110,2531,,,37,33,0,60,367,451,0.064,0.304,1.448,,
St. Louis Cardinals,2015,100,62,0.617,1617.0,5484.0,40.029,4.328,,0.303,7892,4122.0,7575,6134.0,0.253,15,38,1,485,405,159.0,288,240,647,478,2.937,464.0,186,0,96.0,0.984,709,674,2,7,4252,4402,1.23,1.192,1677,1590,128,134,45,66,1386,1359,,85,137,123,,,178,133,47,37,0.141,382,389,15,10,,0.321,0.246,0.715,,2473.0,23459.0,23234.0,0.0,6137.0,272,271,4394.0,107,619.0,47,,28,2383.0,647,525,42,29,39,66,77,62,0.24,15,922,970,0.394,0.645,69,54,1267,1329,335,327,8.163,3.02,932,1002,6317,3761,2556,6402,3884,2518,,15,2163,2020,,,39,26,0,47,459,440,0.082,0.399,1.254,,
Pittsburgh Pirates,2015,98,64,0.605,1868.0,5631.0,40.221,4.259,,0.314,7777,4210.0,7568,6215.0,0.26,14,45,0,515,511,177.0,292,257,697,534,3.226,459.0,171,0,122.0,0.981,683,619,5,5,4235,4100,1.31,1.476,1739,1762,115,156,75,89,1462,1392,,100,140,110,,,172,143,46,38,0.136,415,360,13,10,,0.323,0.248,0.719,,2397.0,23869.0,23380.0,0.0,6285.0,229,215,4469.0,98,661.0,54,,43,2320.0,697,596,41,33,63,38,68,54,0.227,13,1003,1001,0.396,0.685,98,136,1322,1338,311,340,8.082,3.22,1011,998,6679,4007,2672,6637,3939,2698,,13,2228,2027,,,27,24,0,62,415,415,0.073,0.349,1.239,,
Chicago Cubs,2015,97,65,0.599,1669.0,5491.0,32.111,3.617,,0.305,8388,3837.0,7743,5997.0,0.244,19,37,6,511,443,120.0,272,286,689,546,3.363,473.0,162,0,111.0,0.982,722,613,3,3,4403,4148,1.09,1.201,1462,1547,101,100,46,74,1341,1276,,89,171,134,,,172,144,47,38,0.154,357,432,8,10,,0.321,0.233,0.719,,2077.0,24632.0,23298.0,0.0,6199.0,259,243,4384.0,83,657.0,42,,38,2393.0,689,608,35,30,32,36,67,48,0.268,21,868,819,0.398,0.72,95,134,1518,1431,355,388,8.811,3.88,1163,1043,7052,3910,3142,6680,4089,2591,,21,2186,2038,,,30,37,0,62,520,369,0.091,0.374,1.152,,
Milwaukee Brewers,2015,68,94,0.42,1678.0,5480.0,37.793,4.219,,0.303,7144,4070.0,7882,6148.0,0.251,13,29,1,392,653,164.0,274,287,655,682,4.277,453.0,138,0,116.0,0.981,628,601,4,0,4334,4152,1.34,1.222,1730,1585,130,138,55,41,1378,1432,,73,145,176,,,122,118,35,36,0.142,416,453,10,15,,0.307,0.261,0.7,,2338.0,22544.0,23672.0,0.0,6022.0,248,243,4305.0,67,624.0,44,,46,2128.0,655,737,34,42,55,48,53,40,0.227,7,925,936,0.393,0.743,84,100,1299,1260,269,307,7.902,2.62,1030,953,6251,3628,2623,6501,4002,2499,,7,2155,2313,,,34,33,0,55,377,481,0.068,0.317,1.358,,
Cincinnati Reds,2015,64,98,0.395,1622.0,5571.0,33.359,4.439,,0.29,7719,4189.0,8349,6271.0,0.248,22,38,2,540,396,131.0,257,317,640,702,4.347,451.0,148,0,90.0,0.985,715,651,4,2,4321,4302,1.1,1.08,1640,1547,112,117,58,42,1382,1436,,63,167,177,,,135,154,38,42,0.146,512,511,12,8,,0.312,0.258,0.706,,2388.0,23515.0,24195.0,0.0,6196.0,266,271,4360.0,70,613.0,51,,31,2338.0,640,754,40,45,47,62,57,35,0.252,8,931,917,0.394,0.779,134,97,1255,1252,283,292,7.749,2.49,972,960,6371,3754,2617,6527,3925,2602,,8,2194,2334,,,27,25,0,52,458,502,0.08,0.395,1.362,,
Los Angeles Dodgers,2015,92,70,0.568,1727.0,5385.0,28.797,4.281,,0.292,8192,3970.0,7312,5932.0,0.25,21,34,6,438,443,133.0,263,229,667,555,3.455,476.0,128,0,75.0,0.988,675,553,1,2,4222,3943,1.19,1.377,1630,1613,135,114,38,60,1346,1317,,88,187,145,,,95,113,31,32,0.163,419,382,11,11,,0.326,0.242,0.739,,2040.0,23583.0,22583.0,0.0,6087.0,271,236,4337.0,96,638.0,33,,41,2288.0,667,595,30,29,49,37,68,47,0.272,21,870,923,0.413,0.634,59,81,1258,1396,299,311,8.694,3.85,959,1085,6382,3772,2610,6624,3839,2785,,21,2222,2021,,,26,20,0,40,532,363,0.092,0.448,1.184,,
San Francisco Giants,2015,84,78,0.519,1674.0,5565.0,40.919,4.802,,0.313,7733,4307.0,7422,6009.0,0.267,15,36,7,577,411,145.0,288,246,696,599,3.733,463.0,175,0,78.0,0.987,675,689,3,3,4096,3777,1.39,1.152,1830,1616,142,130,50,49,1486,1344,,116,136,155,,,109,94,30,28,0.139,425,426,11,8,,0.326,0.246,0.732,,2122.0,23192.0,22404.0,0.0,6153.0,214,288,4333.0,81,663.0,44,,33,2330.0,696,627,37,34,45,31,56,41,0.231,18,1023,892,0.406,0.721,93,81,1159,1165,281,274,7.263,2.89,878,891,6135,3710,2425,6283,3884,2399,,18,2260,2157,,,39,51,0,28,427,403,0.074,0.394,1.229,,
Arizona Diamondbacks,2015,79,83,0.488,1697.0,5649.0,36.682,4.306,,0.316,7585,4240.0,8169,6257.0,0.264,21,44,1,522,561,146.0,289,318,720,660,4.05,491.0,144,0,86.0,0.986,621,689,1,1,3861,4364,1.33,1.15,1759,1627,134,125,48,33,1494,1450,,86,154,182,,,138,153,40,45,0.15,468,460,10,16,,0.324,0.258,0.738,,2330.0,23325.0,24245.0,0.0,6275.0,232,266,4400.0,70,680.0,59,,28,2325.0,720,713,57,46,46,44,65,44,0.252,12,1003,920,0.414,0.75,132,69,1312,1215,347,240,7.452,2.67,965,975,6743,4209,2534,6457,3834,2623,,12,2341,2374,,,48,30,0,53,450,455,0.078,0.373,1.33,,
San Diego Padres,2015,74,88,0.457,1566.0,5457.0,36.872,4.112,,0.292,7814,4024.0,8060,6093.0,0.243,17,29,1,430,604,138.0,260,268,650,655,4.093,444.0,141,0,92.0,0.985,726,597,3,0,4066,4129,1.13,1.208,1597,1508,108,119,54,40,1324,1371,,63,148,171,,,75,131,22,35,0.142,397,408,14,10,,0.3,0.252,0.685,,2168.0,23189.0,24007.0,0.0,6017.0,288,243,4321.0,94,623.0,60,,60,2105.0,650,731,42,38,52,44,58,41,0.23,6,880,882,0.385,0.739,82,117,1327,1393,315,347,8.703,2.9,1012,1046,6546,3877,2669,6895,4111,2784,,6,2100,2252,,,36,50,0,76,404,481,0.071,0.321,1.31,,
Colorado Rockies,2015,68,94,0.42,1818.0,5572.0,29.957,4.343,,0.313,7207,4137.0,8303,6308.0,0.265,25,43,4,379,560,171.0,274,363,737,799,5.042,509.0,135,0,95.0,0.985,618,612,3,1,4186,4051,1.19,1.33,1628,1706,114,153,48,33,1479,1579,,100,186,183,,,159,150,47,42,0.167,448,438,12,12,,0.315,0.283,0.747,,2367.0,22666.0,23770.0,0.0,6071.0,308,233,4279.0,54,702.0,51,,35,2111.0,737,844,34,40,44,57,61,36,0.246,4,970,992,0.432,0.693,97,88,1283,1112,264,234,7.02,2.07,1019,878,6322,3625,2697,6118,3646,2472,,4,2409,2573,,,49,41,0,45,341,537,0.064,0.302,1.513,,
Baltimore Orioles,2014,96,66,0.593,1604.0,5596.0,26.521,4.355,,0.296,7289,4136.0,7660,6104.0,0.256,19,20,3,414,362,156.0,264,268,705,558,3.437,491.0,148,0,87.0,0.986,775,799,3,2,0,0,1.08,1.015,1585,1538,112,131,59,62,1434,1342,,97,211,151,,,71,63,29,25,0.166,308,362,8,16,,0.311,0.244,0.733,,2330.0,23320.0,23781.0,0.0,6130.0,356,320,4384.0,78,681.0,45,,32,2225.0,705,593,36,35,35,30,72,53,0.242,13,943,903,0.422,0.688,44,75,1285,1174,281,287,7.227,2.63,1004,887,5341,3593,1748,5239,3860,1379,,13,2363,2103,,,16,20,0,35,372,447,0.065,0.312,1.241,,
New York Yankees,2014,84,78,0.519,1474.0,5497.0,37.395,4.852,,0.282,7801,4264.0,7474,6114.0,0.245,20,26,6,378,417,107.0,247,258,633,605,3.747,420.0,131,0,92.0,0.984,843,768,4,2,0,0,1.07,1.027,1653,1464,111,87,65,56,1349,1392,,85,147,164,,,42,62,16,23,0.135,345,336,9,10,,0.307,0.25,0.687,,2219.0,23762.0,23697.0,0.0,6081.0,314,277,4359.0,83,591.0,46,,38,2231.0,633,664,47,45,29,38,68,48,0.232,10,929,941,0.38,0.812,112,72,1133,1370,311,341,8.487,3.65,822,1029,5199,4065,1134,5572,3969,1603,,10,2089,2200,,,26,29,0,59,436,375,0.074,0.399,1.232,,
Toronto Blue Jays,2014,83,79,0.512,1528.0,5549.0,31.35,4.821,,0.295,7584,4261.0,7639,6150.0,0.259,19,21,3,445,375,130.0,282,331,723,642,4.004,483.0,154,0,87.0,0.985,747,801,3,4,0,0,1.11,0.97,1667,1479,128,112,57,41,1435,1400,,78,177,151,,,62,62,27,23,0.155,337,348,10,7,,0.323,0.253,0.737,,2326.0,23831.0,23725.0,0.0,6167.0,375,327,4329.0,87,690.0,48,,24,2358.0,723,686,40,48,35,25,64,45,0.256,16,952,886,0.414,0.788,78,84,1151,1199,270,329,7.479,2.57,881,870,5565,4190,1375,5290,3793,1497,,16,2296,2248,,,24,32,0,44,475,467,0.081,0.436,1.31,,
Tampa Bay Rays,2014,77,85,0.475,1309.0,5516.0,47.145,4.907,,0.287,7686,4328.0,7581,6131.0,0.247,19,27,3,475,462,96.0,263,236,612,579,3.56,404.0,170,0,88.0,0.985,870,854,3,2,0,0,1.15,0.804,1748,1274,135,81,58,66,1361,1292,,77,117,145,,,77,71,31,27,0.12,302,335,13,9,,0.317,0.234,0.684,,2288.0,23705.0,24408.0,0.0,6205.0,291,350,4391.0,84,586.0,47,,26,2415.0,612,625,53,45,43,27,56,37,0.222,22,957,893,0.367,0.7,63,79,1124,1437,332,382,8.838,3.16,792,1055,5318,3964,1354,5829,4209,1620,,22,2023,1999,,,24,18,0,46,496,455,0.085,0.469,1.212,,
Boston Red Sox,2014,71,91,0.43799999999999994,1610.0,5551.0,45.13,4.152,,0.297,7995,4143.0,7594,6231.0,0.244,18,25,3,507,366,155.0,282,316,634,653,4.01,425.0,143,0,92.0,0.985,799,770,2,8,0,0,1.12,1.025,1620,1533,138,129,47,68,1355,1458,,63,123,154,,,93,43,36,19,0.125,327,339,13,13,,0.316,0.26,0.685,,2352.0,25246.0,23778.0,0.0,6226.0,272,338,4397.0,87,601.0,43,,33,2421.0,634,715,52,48,20,36,54,36,0.228,7,930,956,0.369,0.716,63,83,1337,1213,347,351,7.452,2.62,990,862,6094,4740,1354,5395,3925,1470,,7,2046,2300,,,20,32,0,62,499,463,0.086,0.4,1.324,,
Detroit Tigers,2014,90,72,0.556,1538.0,5630.0,36.323,4.921,,0.319,7334,4392.0,7569,6191.0,0.277,17,41,5,437,472,153.0,325,316,757,648,4.011,506.0,144,0,101.0,0.983,893,819,4,2,0,0,1.04,0.993,1603,1477,137,131,42,44,1557,1475,,72,155,127,,,130,86,51,34,0.149,323,309,14,11,,0.331,0.263,0.757,,2364.0,23520.0,24182.0,0.0,6202.0,271,318,4362.0,90,731.0,56,,51,2325.0,757,705,61,41,24,26,58,41,0.24,8,1051,990,0.426,0.721,106,101,1144,1244,263,281,7.704,2.91,881,963,5152,3618,1534,5526,3994,1532,,8,2399,2256,,,26,42,0,57,392,428,0.071,0.387,1.332,,
Kansas City Royals,2014,89,73,0.5489999999999999,1512.0,5545.0,58.368,5.629,,0.302,6992,4512.0,7638,6101.0,0.263,12,36,3,485,478,122.0,286,254,652,565,3.505,410.0,146,0,104.0,0.983,759,850,4,1,0,0,1.21,0.932,1814,1471,131,109,56,53,1456,1386,,75,95,128,,,55,28,22,14,0.113,360,373,14,7,,0.314,0.25,0.69,,2363.0,22703.0,23767.0,0.0,6058.0,335,311,4352.0,95,604.0,41,,28,2292.0,651,624,47,45,33,26,65,53,0.203,14,1046,973,0.376,0.81,153,58,985,1168,199,256,7.245,2.74,786,912,4994,3744,1250,5305,3808,1497,,14,2085,2086,,,29,31,-1,59,358,426,0.063,0.386,1.259,,
Cleveland Indians,2014,85,77,0.525,1599.0,5575.0,39.261,4.689,,0.296,7890,4293.0,7357,6193.0,0.253,23,27,6,426,445,139.0,284,290,669,583,3.573,449.0,126,0,116.0,0.981,792,661,2,4,0,0,1.08,1.189,1665,1533,126,116,58,42,1411,1398,,78,142,135,,,55,123,24,51,0.136,397,332,9,10,,0.317,0.25,0.706,,2389.0,24219.0,23781.0,0.0,6221.0,298,256,4405.0,78,644.0,43,,44,2328.0,669,653,49,40,51,33,63,40,0.24,15,962,941,0.389,0.794,104,90,1189,1450,262,350,8.892,3.51,927,1100,5416,4058,1358,5519,3856,1663,,15,2167,2157,,,23,32,0,70,480,413,0.081,0.424,1.268,,
Chicago White Sox,2014,73,89,0.451,1682.0,5543.0,35.761,4.07,,0.306,7194,4064.0,7877,6255.0,0.253,19,36,4,423,545,169.0,279,272,660,688,4.297,466.0,167,0,107.0,0.982,677,768,5,1,0,0,1.22,1.096,1630,1572,127,153,69,60,1400,1468,,68,155,140,,,83,102,33,42,0.145,315,335,13,12,,0.31,0.265,0.708,,2399.0,23126.0,24454.0,0.0,6077.0,305,283,4323.0,89,625.0,52,,32,2250.0,660,758,38,48,19,37,55,36,0.23,6,934,1025,0.398,0.702,85,84,1362,1152,315,258,7.191,2.24,1047,894,5195,3467,1728,5581,4130,1451,,6,2208,2222,,,32,31,0,70,384,515,0.069,0.306,1.405,,
Minnesota Twins,2014,70,92,0.43200000000000005,1579.0,5567.0,43.492,4.189,,0.309,7990,4154.0,7322,6212.0,0.254,20,36,2,474,413,136.0,316,319,715,730,4.578,471.0,143,0,97.0,0.984,764,812,2,8,0,0,1.07,0.939,1543,1520,97,120,45,53,1412,1588,,68,128,147,,,66,52,29,24,0.135,322,371,9,7,,0.324,0.28,0.713,,2360.0,24941.0,23151.0,0.0,6233.0,319,372,4305.0,66,675.0,45,,19,2453.0,715,777,44,63,25,30,58,38,0.244,7,941,1084,0.389,0.733,99,95,1329,1031,332,236,6.462,2.69,997,795,5876,4392,1484,4870,3480,1390,,7,2166,2424,,,27,38,0,47,515,384,0.087,0.409,1.391,,
Los Angeles Angels,2014,98,64,0.605,1482.0,5652.0,36.465,4.464,,0.305,7545,4285.0,7867,6179.0,0.259,16,39,3,470,443,127.0,304,228,773,590,3.581,490.0,153,0,83.0,0.986,689,849,4,4,0,0,1.17,0.873,1678,1381,112,111,63,60,1464,1307,,84,155,126,,,101,103,42,41,0.147,368,343,18,6,,0.322,0.236,0.728,,2252.0,23929.0,24328.0,0.0,6285.0,326,340,4448.0,80,729.0,66,,39,2349.0,773,630,54,49,26,29,62,46,0.242,13,974,939,0.406,0.675,81,101,1266,1342,292,344,8.145,2.9,974,998,5470,3972,1498,5786,4272,1514,,13,2295,1941,,,31,14,0,40,450,463,0.078,0.389,1.221,,
Oakland Athletics,2014,88,74,0.5429999999999999,1634.0,5545.0,37.979,5.023,,0.278,8042,4338.0,7003,5971.0,0.244,21,20,7,503,369,150.0,253,210,729,524,3.223,432.0,133,0,111.0,0.982,919,699,5,3,0,0,0.83,1.123,1477,1589,118,133,48,49,1354,1269,,61,146,147,,,78,70,34,28,0.137,438,367,12,10,,0.32,0.233,0.701,,2126.0,24260.0,22531.0,0.0,6242.0,390,317,4390.0,102,686.0,54,,28,2401.0,729,572,43,32,19,34,52,31,0.254,13,922,901,0.381,0.806,83,92,1104,1244,307,318,7.65,3.29,797,926,5379,4140,1239,5261,3846,1415,,13,2111,1942,,,33,11,0,48,552,378,0.094,0.531,1.145,,
Seattle Mariners,2014,87,75,0.537,1608.0,5450.0,40.074,4.424,,0.29,7048,4116.0,6994,5974.0,0.244,12,42,2,374,525,139.0,247,227,634,512,3.174,415.0,123,0,82.0,0.986,729,675,4,2,0,0,1.13,1.071,1628,1500,112,116,52,60,1328,1240,,87,136,137,,,83,89,33,36,0.132,388,385,7,14,,0.3,0.23,0.676,,2172.0,22326.0,22747.0,0.0,5976.0,292,300,4356.0,84,600.0,41,,35,2084.0,634,554,34,40,35,30,63,51,0.214,9,913,855,0.376,0.696,96,85,1232,1317,311,303,8.163,3.08,921,1014,5198,3751,1447,5339,3844,1495,,9,2047,1920,,,32,21,0,42,363,427,0.066,0.321,1.173,,
Houston Astros,2014,70,92,0.43200000000000005,1704.0,5447.0,33.417,3.777,,0.298,7559,3878.0,7452,6154.0,0.242,25,37,7,441,592,151.0,240,274,629,662,4.141,422.0,120,0,106.0,0.983,748,713,5,5,0,0,1.05,1.172,1471,1637,122,133,52,55,1317,1437,,65,163,139,,,61,80,27,32,0.141,314,337,2,8,,0.309,0.26,0.692,,2319.0,23550.0,23659.0,0.0,6055.0,299,288,4316.0,87,596.0,33,,32,2262.0,629,723,36,59,22,36,56,31,0.247,3,895,994,0.383,0.767,122,105,1442,1137,401,282,7.11,2.52,1041,855,5462,3671,1791,5472,4070,1402,,3,2084,2188,,,19,30,0,61,468,452,0.082,0.343,1.335,,
Texas Rangers,2014,67,95,0.414,1413.0,5460.0,49.189,4.699,,0.305,7253,4232.0,7719,6195.0,0.256,14,59,6,454,390,155.0,260,329,637,712,4.493,399.0,147,0,106.0,0.982,685,819,2,4,0,0,1.29,0.804,1766,1339,148,129,61,61,1400,1510,,69,111,160,,,86,97,37,43,0.119,348,406,8,15,,0.314,0.272,0.689,,2335.0,23093.0,23657.0,0.0,6024.0,288,392,4279.0,63,597.0,55,,36,2215.0,637,773,45,49,41,24,47,33,0.204,17,1001,992,0.375,0.64,105,82,1162,1110,310,278,7.002,2.4,852,832,5377,4018,1359,5146,3824,1322,,17,2049,2377,,,28,29,0,61,380,462,0.069,0.359,1.413,,
Washington Nationals,2014,96,66,0.593,1625.0,5542.0,36.461,4.25,,0.303,7515,4127.0,6895,6020.0,0.253,17,23,5,510,373,139.0,265,242,686,495,3.029,444.0,158,0,100.0,0.984,672,700,2,2,0,0,1.18,1.056,1653,1529,115,116,51,56,1403,1351,,93,152,110,,,58,64,29,26,0.14,414,407,11,12,,0.321,0.244,0.714,,2144.0,23650.0,22822.0,0.0,6216.0,271,309,4412.0,106,635.0,38,,36,2382.0,686,555,41,32,60,51,62,45,0.247,19,959,971,0.393,0.815,101,58,1304,1288,334,318,7.884,3.95,970,970,5482,3990,1492,5214,3683,1531,,19,2178,1979,,,27,28,0,60,488,326,0.083,0.396,1.158,,
Atlanta Braves,2014,79,83,0.488,1527.0,5468.0,44.455,3.994,,0.298,7173,4003.0,7323,6087.0,0.241,13,33,5,388,458,143.0,240,244,573,547,3.384,385.0,160,0,85.0,0.986,742,775,1,5,0,0,1.22,0.951,1641,1416,121,128,37,43,1316,1369,,81,123,121,,,79,76,31,36,0.119,320,389,8,7,,0.305,0.251,0.665,,2368.0,22871.0,23335.0,0.0,6063.0,254,282,4365.0,110,545.0,42,,29,2270.0,573,597,27,43,53,70,67,54,0.217,13,931,982,0.36,0.742,95,96,1369,1301,323,253,8.046,2.98,1046,1048,5114,3272,1842,5186,3596,1590,,13,1969,2020,,,22,22,0,50,441,436,0.078,0.345,1.265,,
New York Mets,2014,79,83,0.488,1617.0,5472.0,43.776,4.329,,0.286,7699,4127.0,7559,6170.0,0.239,22,34,1,412,373,158.0,275,261,629,568,3.493,419.0,131,0,104.0,0.983,874,783,6,3,0,0,1.03,1.096,1581,1537,112,140,50,54,1306,1370,,74,125,141,,,99,92,42,38,0.125,324,347,6,12,,0.308,0.248,0.672,,2356.0,23767.0,23680.0,0.0,6145.0,294,248,4391.0,98,602.0,43,,25,2336.0,629,618,44,25,59,52,64,42,0.232,11,887,937,0.364,0.748,101,82,1264,1303,339,333,8.01,2.77,925,970,5356,3947,1409,5400,3907,1493,,11,1994,2116,,,19,31,0,50,474,471,0.084,0.408,1.284,,
Miami Marlins,2014,77,85,0.475,1700.0,5538.0,45.393,3.903,,0.316,7486,4036.0,7280,6217.0,0.253,22,21,3,460,437,154.0,254,283,645,614,3.791,412.0,170,0,97.0,0.984,625,717,3,3,0,0,1.4,1.155,1736,1628,143,130,49,35,1399,1481,,70,122,114,,,118,91,49,35,0.125,360,417,9,13,,0.317,0.264,0.695,,2424.0,23848.0,23264.0,0.0,6184.0,213,237,4373.0,86,614.0,43,,34,2345.0,645,674,39,39,71,66,64,42,0.222,16,987,1044,0.378,0.734,58,99,1419,1190,347,294,7.344,2.81,1072,896,5554,3956,1598,5217,3731,1486,,16,2091,2186,,,36,40,0,60,452,423,0.081,0.353,1.33,,
Philadelphia Phillies,2014,73,89,0.451,1673.0,5603.0,44.824,4.29,,0.292,7567,4209.0,7565,6261.0,0.242,16,26,2,406,468,133.0,251,284,619,621,3.806,403.0,154,0,83.0,0.987,721,683,3,2,0,0,1.24,1.186,1732,1638,94,110,69,55,1356,1396,,58,125,134,,,98,102,42,43,0.121,363,388,14,10,,0.302,0.252,0.665,,2420.0,23874.0,23682.0,0.0,6197.0,278,262,4405.0,85,584.0,54,,45,2351.0,619,687,37,48,59,77,56,40,0.215,12,953,946,0.363,0.807,109,105,1306,1255,271,319,7.695,2.63,1035,936,5539,4028,1511,5276,3649,1627,,12,2036,2146,,,27,32,0,66,401,478,0.071,0.339,1.306,,
St. Louis Cardinals,2014,90,72,0.556,1617.0,5426.0,51.676,4.789,,0.3,7345,4227.0,7079,6069.0,0.253,15,32,8,512,348,145.0,275,253,619,564,3.504,401.0,183,0,88.0,0.985,709,688,4,1,0,0,1.24,1.093,1753,1562,140,131,61,86,1371,1321,,95,105,123,,,62,76,28,35,0.116,424,376,14,6,,0.32,0.242,0.689,,2343.0,23278.0,22849.0,0.0,6086.0,240,331,4346.0,91,585.0,37,,28,2379.0,619,603,39,34,64,51,70,55,0.208,23,970,919,0.369,0.64,57,51,1133,1221,323,274,7.587,2.81,810,947,5062,3736,1326,5233,3766,1467,,23,2003,1995,,,21,26,0,39,443,435,0.077,0.416,1.236,,
Pittsburgh Pirates,2014,88,74,0.5429999999999999,1838.0,5536.0,35.487,4.45,,0.307,7579,4171.0,7016,6130.0,0.259,24,47,2,499,505,148.0,275,235,682,565,3.492,461.0,165,0,109.0,0.983,718,595,3,3,0,0,1.15,1.462,1646,1767,127,131,88,78,1436,1341,,91,156,128,,,116,111,46,43,0.145,376,340,11,10,,0.33,0.247,0.734,,2252.0,24033.0,22857.0,0.0,6223.0,297,232,4369.0,90,659.0,51,,49,2397.0,682,631,35,42,54,72,72,48,0.249,7,975,952,0.404,0.689,104,102,1244,1228,314,315,7.587,2.69,930,913,5519,3916,1603,5262,3738,1524,,7,2239,2012,,,30,26,0,66,474,456,0.084,0.418,1.263,,
Milwaukee Brewers,2014,82,80,0.506,1602.0,5462.0,36.413,4.563,,0.293,6803,4152.0,7429,6106.0,0.25,20,43,3,374,572,130.0,297,249,650,594,3.668,475.0,138,0,99.0,0.984,716,713,1,8,0,0,1.16,1.132,1684,1591,135,110,42,73,1366,1386,,76,150,167,,,85,43,32,20,0.147,389,386,15,9,,0.311,0.25,0.708,,2203.0,22192.0,23510.0,0.0,6065.0,315,277,4373.0,103,617.0,55,,33,2129.0,650,657,37,30,70,54,65,45,0.235,9,891,948,0.397,0.703,102,90,1197,1246,252,315,7.695,3.03,945,931,4833,3156,1677,5387,3937,1450,,9,2169,2180,,,28,22,0,63,391,411,0.07,0.353,1.247,,
Cincinnati Reds,2014,76,86,0.469,1588.0,5395.0,41.183,4.309,,0.284,6955,4049.0,7436,6067.0,0.238,19,52,6,459,369,120.0,254,260,595,576,3.585,405.0,144,0,72.0,0.988,655,600,4,4,0,0,1.11,1.076,1610,1511,88,98,69,52,1282,1282,,69,131,163,,,54,82,22,33,0.127,451,445,8,8,,0.296,0.237,0.661,,2244.0,22680.0,23098.0,0.0,5975.0,309,321,4338.0,103,562.0,56,,38,2127.0,595,612,37,38,76,51,63,44,0.217,13,877,841,0.365,0.701,122,67,1252,1290,296,315,8.028,2.72,956,975,5192,3536,1656,5115,3607,1508,,13,1969,2067,,,20,18,0,36,393,474,0.069,0.331,1.237,,
Chicago Cubs,2014,73,89,0.451,1668.0,5508.0,35.083,3.729,,0.296,7388,3915.0,7709,6208.0,0.239,21,40,1,449,546,137.0,270,296,614,638,3.924,458.0,141,0,103.0,0.983,700,704,4,4,0,0,1.07,1.076,1502,1523,94,115,55,54,1315,1398,,81,157,115,,,73,89,29,37,0.146,337,385,10,14,,0.3,0.252,0.685,,2323.0,23719.0,24028.0,0.0,6102.0,330,290,4390.0,79,590.0,36,,37,2242.0,614,707,41,36,57,55,58,37,0.231,11,857,963,0.385,0.619,65,108,1477,1311,314,316,8.064,2.81,1163,995,5587,3861,1726,5248,3683,1565,,11,2118,2087,,,31,24,0,69,413,467,0.072,0.299,1.3,,
Los Angeles Dodgers,2014,94,68,0.58,1707.0,5560.0,41.493,4.462,,0.318,7513,4223.0,7568,6075.0,0.266,14,50,7,438,406,145.0,302,262,718,554,3.404,474.0,180,0,107.0,0.983,670,614,7,1,0,0,1.35,1.294,1754,1630,119,123,41,61,1476,1338,,89,134,142,,,66,82,30,35,0.141,359,338,14,12,,0.333,0.242,0.739,,2235.0,23732.0,23549.0,0.0,6230.0,223,274,4394.0,100,686.0,46,,37,2381.0,718,617,43,34,47,49,61,47,0.249,16,1002,910,0.406,0.734,138,84,1246,1373,295,371,8.433,3.49,951,1002,5196,3644,1552,5255,3699,1556,,16,2256,2074,,,38,24,0,63,489,394,0.083,0.417,1.206,,
San Francisco Giants,2014,88,74,0.5429999999999999,1699.0,5523.0,41.841,4.436,,0.304,7251,4195.0,6992,5947.0,0.255,18,27,8,412,363,155.0,257,266,665,564,3.503,431.0,131,0,100.0,0.984,767,694,0,1,0,0,1.1,1.156,1609,1600,113,132,57,43,1407,1305,,81,132,133,,,87,86,37,35,0.133,352,375,6,13,,0.311,0.241,0.699,,2107.0,23010.0,22447.0,0.0,6087.0,301,277,4347.0,86,636.0,38,,47,2299.0,665,614,49,38,45,51,64,46,0.216,12,976,858,0.388,0.675,56,98,1245,1211,305,301,7.524,3.42,940,910,4920,3206,1714,5193,3673,1520,,12,2144,2066,,,42,48,0,50,390,354,0.07,0.343,1.169,,
San Diego Padres,2014,77,85,0.475,1560.0,5294.0,48.569,4.091,,0.277,7305,3936.0,7223,6006.0,0.227,8,34,4,386,485,124.0,224,258,535,523,3.272,363.0,142,0,101.0,0.983,672,719,3,4,0,0,1.35,1.113,1738,1533,118,99,46,41,1199,1300,,75,109,117,,,63,86,27,32,0.116,331,384,10,10,,0.292,0.241,0.634,,2257.0,22724.0,23273.0,0.0,5904.0,236,234,4316.0,91,500.0,40,,40,2111.0,535,577,45,40,56,65,49,41,0.215,10,836,904,0.342,0.728,91,106,1294,1284,331,326,8.028,2.99,963,958,5281,3781,1500,5419,3787,1632,,10,1810,1951,,,30,21,0,54,441,430,0.079,0.362,1.225,,
Colorado Rockies,2014,66,96,0.40700000000000003,1808.0,5612.0,30.172,4.381,,0.326,6886,4193.0,7686,6248.0,0.276,25,48,1,372,480,166.0,307,320,755,772,4.855,534.0,134,0,106.0,0.983,621,624,7,5,0,0,1.25,1.275,1670,1713,121,142,54,48,1551,1528,,74,186,173,,,98,67,39,32,0.169,386,432,15,14,,0.327,0.276,0.772,,2374.0,22869.0,23625.0,0.0,6164.0,283,226,4293.0,70,721.0,39,,15,2192.0,755,818,48,62,59,59,49,24,0.246,4,1017,992,0.445,0.639,85,81,1281,1074,323,218,6.759,2.15,958,856,5003,3369,1634,5101,3657,1444,,4,2498,2453,,,41,43,0,46,358,499,0.064,0.31,1.439,,
Arizona Diamondbacks,2014,64,98,0.395,1645.0,5552.0,47.051,4.766,,0.293,7168,4305.0,7330,6162.0,0.248,20,33,2,435,381,147.0,259,296,615,683,4.256,424.0,144,0,101.0,0.983,679,633,3,5,0,0,1.27,1.169,1800,1560,115,122,51,43,1379,1467,,75,118,154,,,77,98,31,43,0.128,452,400,8,13,,0.302,0.265,0.678,,2218.0,22938.0,23299.0,0.0,6085.0,248,253,4333.0,75,573.0,55,,34,2276.0,615,742,36,49,56,59,55,35,0.209,4,955,983,0.376,0.723,86,72,1165,1278,303,339,7.965,3.0,862,939,5286,3929,1357,5324,3717,1607,,4,2086,2293,,,47,34,0,59,367,426,0.065,0.342,1.34,,
